INSERT INTO ARRANGEMENT (ID,CREATED_AT,CREATED_USER_ID,UPDATED_AT,UPDATED_USER_ID,VERSION,CONTRACT_ID,DISENGAGEMENT_FLG,WORKFLOW_STATUS) VALUES (4,'2018/09/19 12:09:10','COTOS','2018/09/19 12:09:10','COTOS',1,4,0,'2');
INSERT INTO ARRANGEMENT (ID,CREATED_AT,CREATED_USER_ID,UPDATED_AT,UPDATED_USER_ID,VERSION,CONTRACT_ID,DISENGAGEMENT_FLG,WORKFLOW_STATUS) VALUES (41,'2018/09/19 12:09:10','COTOS','2018/09/19 12:09:10','COTOS',1,4,1,'1');
INSERT INTO ARRANGEMENT (ID,CREATED_AT,CREATED_USER_ID,UPDATED_AT,UPDATED_USER_ID,VERSION,CONTRACT_ID,DISENGAGEMENT_FLG,WORKFLOW_STATUS) VALUES (5,'2018/09/19 12:09:10','COTOS','2018/09/19 12:09:10','COTOS',1,5,0,'1');

INSERT INTO ARRANGEMENT_WORK (ID,CREATED_AT,CREATED_USER_ID,UPDATED_AT,UPDATED_USER_ID,VERSION,ARRANGEMENT_ID,ARRANGEMENT_WORK_TYPE_MASTER_ID,WORKFLOW_STATUS,MEMO,HOLDING_FLG) VALUES (401,'2018/09/19 12:09:10','COTOS','2018/09/19 12:09:10','COTOS',1,4,1,'5','[テストパターン_401]',0);
INSERT INTO ARRANGEMENT_WORK (ID,CREATED_AT,CREATED_USER_ID,UPDATED_AT,UPDATED_USER_ID,VERSION,ARRANGEMENT_ID,ARRANGEMENT_WORK_TYPE_MASTER_ID,WORKFLOW_STATUS,MEMO,HOLDING_FLG) VALUES (402,'2018/09/19 12:09:10','COTOS','2018/09/19 12:09:10','COTOS',1,4,2,'5','[テストパターン_402]',1);
INSERT INTO ARRANGEMENT_WORK (ID,CREATED_AT,CREATED_USER_ID,UPDATED_AT,UPDATED_USER_ID,VERSION,ARRANGEMENT_ID,ARRANGEMENT_WORK_TYPE_MASTER_ID,WORKFLOW_STATUS,MEMO,HOLDING_FLG) VALUES (403,'2018/09/19 12:09:10','COTOS','2018/09/19 12:09:10','COTOS',1,41,2,'4','[テストパターン_403]',0);
INSERT INTO ARRANGEMENT_WORK (ID,CREATED_AT,CREATED_USER_ID,UPDATED_AT,UPDATED_USER_ID,VERSION,ARRANGEMENT_ID,ARRANGEMENT_WORK_TYPE_MASTER_ID,WORKFLOW_STATUS,MEMO,HOLDING_FLG) VALUES (501,'2018/09/19 12:09:10','COTOS','2018/09/19 12:09:10','COTOS',1,5,1,'4','[テストパターン_501]',1);
INSERT INTO ARRANGEMENT_WORK (ID,CREATED_AT,CREATED_USER_ID,UPDATED_AT,UPDATED_USER_ID,VERSION,ARRANGEMENT_ID,ARRANGEMENT_WORK_TYPE_MASTER_ID,WORKFLOW_STATUS,MEMO,HOLDING_FLG) VALUES (502,'2018/09/19 12:09:10','COTOS','2018/09/19 12:09:10','COTOS',1,5,3,'4','[テストパターン_502]',0);

INSERT INTO ARRANGEMENT_WORK_CHECK_RESULT (ID,CREATED_AT,CREATED_USER_ID,UPDATED_AT,UPDATED_USER_ID,VERSION,ARRANGEMENT_WORK_ID,CHECK_MATTER_CODE,CHECK_MATTER_TEXT,DISPLAY_ORDER,CHECKED_USER_ID,CHECKED_USER_NAME,CHECKED_ORG_NAME,CHECKED_AT) VALUES (401,'2018/09/19 12:09:10','COTOS','2018/09/19 12:09:10','COTOS',1,401,'TEST_1','テストチェック事項１',1,'00954556','dummy_checked_user_name_401','dummy_checked_org_name_401','2018/09/19 12:09:10');
INSERT INTO ARRANGEMENT_WORK_CHECK_RESULT (ID,CREATED_AT,CREATED_USER_ID,UPDATED_AT,UPDATED_USER_ID,VERSION,ARRANGEMENT_WORK_ID,CHECK_MATTER_CODE,CHECK_MATTER_TEXT,DISPLAY_ORDER,CHECKED_USER_ID,CHECKED_USER_NAME,CHECKED_ORG_NAME,CHECKED_AT) VALUES (402,'2018/09/19 12:09:10','COTOS','2018/09/19 12:09:10','COTOS',1,401,'TEST_2','テストチェック事項２',2,'00397469','dummy_checked_user_name_402','dummy_checked_org_name_402','2018/09/19 12:09:10');
INSERT INTO ARRANGEMENT_WORK_CHECK_RESULT (ID,CREATED_AT,CREATED_USER_ID,UPDATED_AT,UPDATED_USER_ID,VERSION,ARRANGEMENT_WORK_ID,CHECK_MATTER_CODE,CHECK_MATTER_TEXT,DISPLAY_ORDER,CHECKED_USER_ID,CHECKED_USER_NAME,CHECKED_ORG_NAME,CHECKED_AT) VALUES (403,'2018/09/19 12:09:10','COTOS','2018/09/19 12:09:10','COTOS',1,401,'TEST_3','テストチェック事項３',3,'00672931','dummy_checked_user_name_403','dummy_checked_org_name_403','2018/09/19 12:09:10');
INSERT INTO ARRANGEMENT_WORK_CHECK_RESULT (ID,CREATED_AT,CREATED_USER_ID,UPDATED_AT,UPDATED_USER_ID,VERSION,ARRANGEMENT_WORK_ID,CHECK_MATTER_CODE,CHECK_MATTER_TEXT,DISPLAY_ORDER,CHECKED_USER_ID,CHECKED_USER_NAME,CHECKED_ORG_NAME,CHECKED_AT) VALUES (404,'2018/09/19 12:09:10','COTOS','2018/09/19 12:09:10','COTOS',1,401,'TEST_4','テストチェック事項４',4,'00673440','dummy_checked_user_name_404','dummy_checked_org_name_404','2018/09/19 12:09:10');
INSERT INTO ARRANGEMENT_WORK_CHECK_RESULT (ID,CREATED_AT,CREATED_USER_ID,UPDATED_AT,UPDATED_USER_ID,VERSION,ARRANGEMENT_WORK_ID,CHECK_MATTER_CODE,CHECK_MATTER_TEXT,DISPLAY_ORDER,CHECKED_USER_ID,CHECKED_USER_NAME,CHECKED_ORG_NAME,CHECKED_AT) VALUES (405,'2018/09/19 12:09:10','COTOS','2018/09/19 12:09:10','COTOS',1,402,'TEST_5','テストチェック事項５',1,'00673471','dummy_checked_user_name_405','dummy_checked_org_name_405','2018/09/19 12:09:10');
INSERT INTO ARRANGEMENT_WORK_CHECK_RESULT (ID,CREATED_AT,CREATED_USER_ID,UPDATED_AT,UPDATED_USER_ID,VERSION,ARRANGEMENT_WORK_ID,CHECK_MATTER_CODE,CHECK_MATTER_TEXT,DISPLAY_ORDER,CHECKED_USER_ID,CHECKED_USER_NAME,CHECKED_ORG_NAME,CHECKED_AT) VALUES (406,'2018/09/19 12:09:10','COTOS','2018/09/19 12:09:10','COTOS',1,402,'TEST_6','テストチェック事項６',2,'00673617','dummy_checked_user_name_406','dummy_checked_org_name_406','2018/09/19 12:09:10');
INSERT INTO ARRANGEMENT_WORK_CHECK_RESULT (ID,CREATED_AT,CREATED_USER_ID,UPDATED_AT,UPDATED_USER_ID,VERSION,ARRANGEMENT_WORK_ID,CHECK_MATTER_CODE,CHECK_MATTER_TEXT,DISPLAY_ORDER,CHECKED_USER_ID,CHECKED_USER_NAME,CHECKED_ORG_NAME,CHECKED_AT) VALUES (407,'2018/09/19 12:09:10','COTOS','2018/09/19 12:09:10','COTOS',1,402,'TEST_7','テストチェック事項７',3,'00673662','dummy_checked_user_name_407','dummy_checked_org_name_407','2018/09/19 12:09:10');
INSERT INTO ARRANGEMENT_WORK_CHECK_RESULT (ID,CREATED_AT,CREATED_USER_ID,UPDATED_AT,UPDATED_USER_ID,VERSION,ARRANGEMENT_WORK_ID,CHECK_MATTER_CODE,CHECK_MATTER_TEXT,DISPLAY_ORDER,CHECKED_USER_ID,CHECKED_USER_NAME,CHECKED_ORG_NAME,CHECKED_AT) VALUES (408,'2018/09/19 12:09:10','COTOS','2018/09/19 12:09:10','COTOS',1,402,'TEST_8','テストチェック事項８',4,'00673754','dummy_checked_user_name_408','dummy_checked_org_name_408','2018/09/19 12:09:10');
INSERT INTO ARRANGEMENT_WORK_CHECK_RESULT (ID,CREATED_AT,CREATED_USER_ID,UPDATED_AT,UPDATED_USER_ID,VERSION,ARRANGEMENT_WORK_ID,CHECK_MATTER_CODE,CHECK_MATTER_TEXT,DISPLAY_ORDER,CHECKED_USER_ID,CHECKED_USER_NAME,CHECKED_ORG_NAME,CHECKED_AT) VALUES (409,'2018/09/19 12:09:10','COTOS','2018/09/19 12:09:10','COTOS',1,403,'TEST_5','テストチェック事項５',1,'00682640','dummy_checked_user_name_409','dummy_checked_org_name_409','2018/09/19 12:09:10');
INSERT INTO ARRANGEMENT_WORK_CHECK_RESULT (ID,CREATED_AT,CREATED_USER_ID,UPDATED_AT,UPDATED_USER_ID,VERSION,ARRANGEMENT_WORK_ID,CHECK_MATTER_CODE,CHECK_MATTER_TEXT,DISPLAY_ORDER,CHECKED_USER_ID,CHECKED_USER_NAME,CHECKED_ORG_NAME,CHECKED_AT) VALUES (410,'2018/09/19 12:09:10','COTOS','2018/09/19 12:09:10','COTOS',1,403,'TEST_6','テストチェック事項６',2,'01711318','dummy_checked_user_name_410','dummy_checked_org_name_410','2018/09/19 12:09:10');
INSERT INTO ARRANGEMENT_WORK_CHECK_RESULT (ID,CREATED_AT,CREATED_USER_ID,UPDATED_AT,UPDATED_USER_ID,VERSION,ARRANGEMENT_WORK_ID,CHECK_MATTER_CODE,CHECK_MATTER_TEXT,DISPLAY_ORDER,CHECKED_USER_ID,CHECKED_USER_NAME,CHECKED_ORG_NAME,CHECKED_AT) VALUES (411,'2018/09/19 12:09:10','COTOS','2018/09/19 12:09:10','COTOS',1,403,'TEST_7','テストチェック事項７',3,'00954556','dummy_checked_user_name_411','dummy_checked_org_name_411','2018/09/19 12:09:10');
INSERT INTO ARRANGEMENT_WORK_CHECK_RESULT (ID,CREATED_AT,CREATED_USER_ID,UPDATED_AT,UPDATED_USER_ID,VERSION,ARRANGEMENT_WORK_ID,CHECK_MATTER_CODE,CHECK_MATTER_TEXT,DISPLAY_ORDER,CHECKED_USER_ID,CHECKED_USER_NAME,CHECKED_ORG_NAME,CHECKED_AT) VALUES (412,'2018/09/19 12:09:10','COTOS','2018/09/19 12:09:10','COTOS',1,403,'TEST_8','テストチェック事項８',4,'00397469','dummy_checked_user_name_412','dummy_checked_org_name_412','2018/09/19 12:09:10');
INSERT INTO ARRANGEMENT_WORK_CHECK_RESULT (ID,CREATED_AT,CREATED_USER_ID,UPDATED_AT,UPDATED_USER_ID,VERSION,ARRANGEMENT_WORK_ID,CHECK_MATTER_CODE,CHECK_MATTER_TEXT,DISPLAY_ORDER,CHECKED_USER_ID,CHECKED_USER_NAME,CHECKED_ORG_NAME,CHECKED_AT) VALUES (501,'2018/09/19 12:09:10','COTOS','2018/09/19 12:09:10','COTOS',1,501,'TEST_1','テストチェック事項１',1,'00672931','dummy_checked_user_name_501','dummy_checked_org_name_501','2018/09/19 12:09:10');
INSERT INTO ARRANGEMENT_WORK_CHECK_RESULT (ID,CREATED_AT,CREATED_USER_ID,UPDATED_AT,UPDATED_USER_ID,VERSION,ARRANGEMENT_WORK_ID,CHECK_MATTER_CODE,CHECK_MATTER_TEXT,DISPLAY_ORDER,CHECKED_USER_ID,CHECKED_USER_NAME,CHECKED_ORG_NAME,CHECKED_AT) VALUES (502,'2018/09/19 12:09:10','COTOS','2018/09/19 12:09:10','COTOS',1,501,'TEST_2','テストチェック事項２',2,'00673440','dummy_checked_user_name_502','dummy_checked_org_name_502','2018/09/19 12:09:10');
INSERT INTO ARRANGEMENT_WORK_CHECK_RESULT (ID,CREATED_AT,CREATED_USER_ID,UPDATED_AT,UPDATED_USER_ID,VERSION,ARRANGEMENT_WORK_ID,CHECK_MATTER_CODE,CHECK_MATTER_TEXT,DISPLAY_ORDER,CHECKED_USER_ID,CHECKED_USER_NAME,CHECKED_ORG_NAME,CHECKED_AT) VALUES (503,'2018/09/19 12:09:10','COTOS','2018/09/19 12:09:10','COTOS',1,501,'TEST_3','テストチェック事項３',3,'00673471','dummy_checked_user_name_503','dummy_checked_org_name_503','2018/09/19 12:09:10');
INSERT INTO ARRANGEMENT_WORK_CHECK_RESULT (ID,CREATED_AT,CREATED_USER_ID,UPDATED_AT,UPDATED_USER_ID,VERSION,ARRANGEMENT_WORK_ID,CHECK_MATTER_CODE,CHECK_MATTER_TEXT,DISPLAY_ORDER,CHECKED_USER_ID,CHECKED_USER_NAME,CHECKED_ORG_NAME,CHECKED_AT) VALUES (504,'2018/09/19 12:09:10','COTOS','2018/09/19 12:09:10','COTOS',1,501,'TEST_4','テストチェック事項４',4,'00673617','dummy_checked_user_name_504','dummy_checked_org_name_504','2018/09/19 12:09:10');
INSERT INTO ARRANGEMENT_WORK_CHECK_RESULT (ID,CREATED_AT,CREATED_USER_ID,UPDATED_AT,UPDATED_USER_ID,VERSION,ARRANGEMENT_WORK_ID,CHECK_MATTER_CODE,CHECK_MATTER_TEXT,DISPLAY_ORDER,CHECKED_USER_ID,CHECKED_USER_NAME,CHECKED_ORG_NAME,CHECKED_AT) VALUES (505,'2018/09/19 12:09:10','COTOS','2018/09/19 12:09:10','COTOS',1,502,'TEST_9','テストチェック事項９',1,'00673662','dummy_checked_user_name_505','dummy_checked_org_name_505','2018/09/19 12:09:10');
INSERT INTO ARRANGEMENT_WORK_CHECK_RESULT (ID,CREATED_AT,CREATED_USER_ID,UPDATED_AT,UPDATED_USER_ID,VERSION,ARRANGEMENT_WORK_ID,CHECK_MATTER_CODE,CHECK_MATTER_TEXT,DISPLAY_ORDER,CHECKED_USER_ID,CHECKED_USER_NAME,CHECKED_ORG_NAME,CHECKED_AT) VALUES (506,'2018/09/19 12:09:10','COTOS','2018/09/19 12:09:10','COTOS',1,502,'TEST_10','テストチェック事項１０',2,'00673754','dummy_checked_user_name_506','dummy_checked_org_name_506','2018/09/19 12:09:10');
INSERT INTO ARRANGEMENT_WORK_CHECK_RESULT (ID,CREATED_AT,CREATED_USER_ID,UPDATED_AT,UPDATED_USER_ID,VERSION,ARRANGEMENT_WORK_ID,CHECK_MATTER_CODE,CHECK_MATTER_TEXT,DISPLAY_ORDER,CHECKED_USER_ID,CHECKED_USER_NAME,CHECKED_ORG_NAME,CHECKED_AT) VALUES (507,'2018/09/19 12:09:10','COTOS','2018/09/19 12:09:10','COTOS',1,502,'TEST_11','テストチェック事項１１',3,'00682640','dummy_checked_user_name_507','dummy_checked_org_name_507','2018/09/19 12:09:10');
INSERT INTO ARRANGEMENT_WORK_CHECK_RESULT (ID,CREATED_AT,CREATED_USER_ID,UPDATED_AT,UPDATED_USER_ID,VERSION,ARRANGEMENT_WORK_ID,CHECK_MATTER_CODE,CHECK_MATTER_TEXT,DISPLAY_ORDER,CHECKED_USER_ID,CHECKED_USER_NAME,CHECKED_ORG_NAME,CHECKED_AT) VALUES (508,'2018/09/19 12:09:10','COTOS','2018/09/19 12:09:10','COTOS',1,502,'TEST_12','テストチェック事項１２',4,'01711318','dummy_checked_user_name_508','dummy_checked_org_name_508','2018/09/19 12:09:10');

INSERT INTO ARRANGEMENT_WORK_APPROVAL_ROUTE (ID,CREATED_AT,CREATED_USER_ID,UPDATED_AT,UPDATED_USER_ID,VERSION,ARRANGEMENT_WORK_ID,APPROVAL_REQUESTER_EMP_ID,APPROVAL_REQUESTER_NAME,APPROVAL_REQUESTER_ORG_NAME) VALUES (401,'2018/09/19 12:09:10','COTOS','2018/09/19 12:09:10','COTOS',1,401,'00397971','[テストパターン_401]依頼者氏名','[テストパターン_401]依頼者組織名');
INSERT INTO ARRANGEMENT_WORK_APPROVAL_ROUTE (ID,CREATED_AT,CREATED_USER_ID,UPDATED_AT,UPDATED_USER_ID,VERSION,ARRANGEMENT_WORK_ID,APPROVAL_REQUESTER_EMP_ID,APPROVAL_REQUESTER_NAME,APPROVAL_REQUESTER_ORG_NAME) VALUES (402,'2018/09/19 12:09:10','COTOS','2018/09/19 12:09:10','COTOS',1,402,'00520935','[テストパターン_402]依頼者氏名','[テストパターン_402]依頼者組織名');
INSERT INTO ARRANGEMENT_WORK_APPROVAL_ROUTE (ID,CREATED_AT,CREATED_USER_ID,UPDATED_AT,UPDATED_USER_ID,VERSION,ARRANGEMENT_WORK_ID,APPROVAL_REQUESTER_EMP_ID,APPROVAL_REQUESTER_NAME,APPROVAL_REQUESTER_ORG_NAME) VALUES (403,'2018/09/19 12:09:10','COTOS','2018/09/19 12:09:10','COTOS',1,403,'00634915','[テストパターン_403]依頼者氏名','[テストパターン_403]依頼者組織名');
INSERT INTO ARRANGEMENT_WORK_APPROVAL_ROUTE (ID,CREATED_AT,CREATED_USER_ID,UPDATED_AT,UPDATED_USER_ID,VERSION,ARRANGEMENT_WORK_ID,APPROVAL_REQUESTER_EMP_ID,APPROVAL_REQUESTER_NAME,APPROVAL_REQUESTER_ORG_NAME) VALUES (501,'2018/09/19 12:09:10','COTOS','2018/09/19 12:09:10','COTOS',1,501,'00644655','[テストパターン_501]依頼者氏名','[テストパターン_501]依頼者組織名');
INSERT INTO ARRANGEMENT_WORK_APPROVAL_ROUTE (ID,CREATED_AT,CREATED_USER_ID,UPDATED_AT,UPDATED_USER_ID,VERSION,ARRANGEMENT_WORK_ID,APPROVAL_REQUESTER_EMP_ID,APPROVAL_REQUESTER_NAME,APPROVAL_REQUESTER_ORG_NAME) VALUES (502,'2018/09/19 12:09:10','COTOS','2018/09/19 12:09:10','COTOS',1,502,'00645447','[テストパターン_502]依頼者氏名','[テストパターン_502]依頼者組織名');

INSERT INTO ARRANGEMENT_WORK_APPROVAL_ROUTE_NODE (ID,CREATED_AT,CREATED_USER_ID,UPDATED_AT,UPDATED_USER_ID,VERSION,ARRANGEMENT_WORK_APPROVAL_ROUTE_ID,APPROVAL_ORDER,APPROVER_ORG_LEVEL,APPROVER_EMP_ID,APPROVER_NAME,APPROVER_ORG_NAME,SUB_APPROVER_EMP_ID,SUB_APPROVER_NAME,SUB_APPROVER_ORG_NAME) VALUES (401,'2018/09/19 12:09:10','COTOS','2018/09/19 12:09:10','COTOS',1,401,1,1,'00808347','[テストパターン_401]','[テストパターン_401]承認者組織名','[テストパターン_401]代理承認者MoM社員ID','[テストパターン_401]代理承認者氏名','[テストパターン_401]代理承認者組織名');
INSERT INTO ARRANGEMENT_WORK_APPROVAL_ROUTE_NODE (ID,CREATED_AT,CREATED_USER_ID,UPDATED_AT,UPDATED_USER_ID,VERSION,ARRANGEMENT_WORK_APPROVAL_ROUTE_ID,APPROVAL_ORDER,APPROVER_ORG_LEVEL,APPROVER_EMP_ID,APPROVER_NAME,APPROVER_ORG_NAME,SUB_APPROVER_EMP_ID,SUB_APPROVER_NAME,SUB_APPROVER_ORG_NAME) VALUES (402,'2018/09/19 12:09:10','COTOS','2018/09/19 12:09:10','COTOS',1,401,2,1,'01195538','[テストパターン_402]','[テストパターン_402]承認者組織名','[テストパターン_402]代理承認者MoM社員ID','[テストパターン_402]代理承認者氏名','[テストパターン_402]代理承認者組織名');
INSERT INTO ARRANGEMENT_WORK_APPROVAL_ROUTE_NODE (ID,CREATED_AT,CREATED_USER_ID,UPDATED_AT,UPDATED_USER_ID,VERSION,ARRANGEMENT_WORK_APPROVAL_ROUTE_ID,APPROVAL_ORDER,APPROVER_ORG_LEVEL,APPROVER_EMP_ID,APPROVER_NAME,APPROVER_ORG_NAME,SUB_APPROVER_EMP_ID,SUB_APPROVER_NAME,SUB_APPROVER_ORG_NAME) VALUES (403,'2018/09/19 12:09:10','COTOS','2018/09/19 12:09:10','COTOS',1,402,1,1,'00808347','[テストパターン_403]','[テストパターン_403]承認者組織名','[テストパターン_403]代理承認者MoM社員ID','[テストパターン_403]代理承認者氏名','[テストパターン_403]代理承認者組織名');
INSERT INTO ARRANGEMENT_WORK_APPROVAL_ROUTE_NODE (ID,CREATED_AT,CREATED_USER_ID,UPDATED_AT,UPDATED_USER_ID,VERSION,ARRANGEMENT_WORK_APPROVAL_ROUTE_ID,APPROVAL_ORDER,APPROVER_ORG_LEVEL,APPROVER_EMP_ID,APPROVER_NAME,APPROVER_ORG_NAME,SUB_APPROVER_EMP_ID,SUB_APPROVER_NAME,SUB_APPROVER_ORG_NAME) VALUES (404,'2018/09/19 12:09:10','COTOS','2018/09/19 12:09:10','COTOS',1,402,2,1,'01195538','[テストパターン_404]','[テストパターン_404]承認者組織名','[テストパターン_404]代理承認者MoM社員ID','[テストパターン_404]代理承認者氏名','[テストパターン_404]代理承認者組織名');
INSERT INTO ARRANGEMENT_WORK_APPROVAL_ROUTE_NODE (ID,CREATED_AT,CREATED_USER_ID,UPDATED_AT,UPDATED_USER_ID,VERSION,ARRANGEMENT_WORK_APPROVAL_ROUTE_ID,APPROVAL_ORDER,APPROVER_ORG_LEVEL,APPROVER_EMP_ID,APPROVER_NAME,APPROVER_ORG_NAME,SUB_APPROVER_EMP_ID,SUB_APPROVER_NAME,SUB_APPROVER_ORG_NAME) VALUES (405,'2018/09/19 12:09:10','COTOS','2018/09/19 12:09:10','COTOS',1,403,1,1,'00808347','[テストパターン_405]','[テストパターン_405]承認者組織名','[テストパターン_405]代理承認者MoM社員ID','[テストパターン_405]代理承認者氏名','[テストパターン_405]代理承認者組織名');
INSERT INTO ARRANGEMENT_WORK_APPROVAL_ROUTE_NODE (ID,CREATED_AT,CREATED_USER_ID,UPDATED_AT,UPDATED_USER_ID,VERSION,ARRANGEMENT_WORK_APPROVAL_ROUTE_ID,APPROVAL_ORDER,APPROVER_ORG_LEVEL,APPROVER_EMP_ID,APPROVER_NAME,APPROVER_ORG_NAME,SUB_APPROVER_EMP_ID,SUB_APPROVER_NAME,SUB_APPROVER_ORG_NAME) VALUES (406,'2018/09/19 12:09:10','COTOS','2018/09/19 12:09:10','COTOS',1,403,2,1,'01195538','[テストパターン_406]','[テストパターン_406]承認者組織名','[テストパターン_406]代理承認者MoM社員ID','[テストパターン_406]代理承認者氏名','[テストパターン_406]代理承認者組織名');
INSERT INTO ARRANGEMENT_WORK_APPROVAL_ROUTE_NODE (ID,CREATED_AT,CREATED_USER_ID,UPDATED_AT,UPDATED_USER_ID,VERSION,ARRANGEMENT_WORK_APPROVAL_ROUTE_ID,APPROVAL_ORDER,APPROVER_ORG_LEVEL,APPROVER_EMP_ID,APPROVER_NAME,APPROVER_ORG_NAME,SUB_APPROVER_EMP_ID,SUB_APPROVER_NAME,SUB_APPROVER_ORG_NAME) VALUES (501,'2018/09/19 12:09:10','COTOS','2018/09/19 12:09:10','COTOS',1,501,1,1,'00808347','[テストパターン_501]','[テストパターン_501]承認者組織名','[テストパターン_501]代理承認者MoM社員ID','[テストパターン_501]代理承認者氏名','[テストパターン_501]代理承認者組織名');
INSERT INTO ARRANGEMENT_WORK_APPROVAL_ROUTE_NODE (ID,CREATED_AT,CREATED_USER_ID,UPDATED_AT,UPDATED_USER_ID,VERSION,ARRANGEMENT_WORK_APPROVAL_ROUTE_ID,APPROVAL_ORDER,APPROVER_ORG_LEVEL,APPROVER_EMP_ID,APPROVER_NAME,APPROVER_ORG_NAME,SUB_APPROVER_EMP_ID,SUB_APPROVER_NAME,SUB_APPROVER_ORG_NAME) VALUES (502,'2018/09/19 12:09:10','COTOS','2018/09/19 12:09:10','COTOS',1,501,2,1,'01195538','[テストパターン_502]','[テストパターン_502]承認者組織名','[テストパターン_502]代理承認者MoM社員ID','[テストパターン_502]代理承認者氏名','[テストパターン_502]代理承認者組織名');
INSERT INTO ARRANGEMENT_WORK_APPROVAL_ROUTE_NODE (ID,CREATED_AT,CREATED_USER_ID,UPDATED_AT,UPDATED_USER_ID,VERSION,ARRANGEMENT_WORK_APPROVAL_ROUTE_ID,APPROVAL_ORDER,APPROVER_ORG_LEVEL,APPROVER_EMP_ID,APPROVER_NAME,APPROVER_ORG_NAME,SUB_APPROVER_EMP_ID,SUB_APPROVER_NAME,SUB_APPROVER_ORG_NAME) VALUES (503,'2018/09/19 12:09:10','COTOS','2018/09/19 12:09:10','COTOS',1,502,1,1,'00808347','[テストパターン_503]','[テストパターン_503]承認者組織名','[テストパターン_503]代理承認者MoM社員ID','[テストパターン_503]代理承認者氏名','[テストパターン_503]代理承認者組織名');
INSERT INTO ARRANGEMENT_WORK_APPROVAL_ROUTE_NODE (ID,CREATED_AT,CREATED_USER_ID,UPDATED_AT,UPDATED_USER_ID,VERSION,ARRANGEMENT_WORK_APPROVAL_ROUTE_ID,APPROVAL_ORDER,APPROVER_ORG_LEVEL,APPROVER_EMP_ID,APPROVER_NAME,APPROVER_ORG_NAME,SUB_APPROVER_EMP_ID,SUB_APPROVER_NAME,SUB_APPROVER_ORG_NAME) VALUES (504,'2018/09/19 12:09:10','COTOS','2018/09/19 12:09:10','COTOS',1,502,2,1,'01195538','[テストパターン_504]','[テストパターン_504]承認者組織名','[テストパターン_504]代理承認者MoM社員ID','[テストパターン_504]代理承認者氏名','[テストパターン_504]代理承認者組織名');

INSERT INTO ARRANGEMENT_WORK_APPROVAL_RESULT (ID,CREATED_AT,CREATED_USER_ID,UPDATED_AT,UPDATED_USER_ID,VERSION,ARRANGEMENT_WORK_APPROVAL_ROUTE_ID,ARRANGEMENT_WORK_APPROVAL_ROUTE_NODE_ID,APPROVAL_PROCESS_CATEGORY,ACTUAL_EMP_ID,ACTUAL_USER_NAME,ACTUAL_ORG_NAME,REQUEST_COMMENT,PROCESSED_AT) VALUES (401,'2018/09/19 12:09:10','COTOS','2018/09/19 12:09:10','COTOS',1,401,null,'1','01307306','[テストパターン_401]','[テストパターン_401]処理実施者組織名','[テストパターン_401]コメント','2018/09/19 12:09:10');
INSERT INTO ARRANGEMENT_WORK_APPROVAL_RESULT (ID,CREATED_AT,CREATED_USER_ID,UPDATED_AT,UPDATED_USER_ID,VERSION,ARRANGEMENT_WORK_APPROVAL_ROUTE_ID,ARRANGEMENT_WORK_APPROVAL_ROUTE_NODE_ID,APPROVAL_PROCESS_CATEGORY,ACTUAL_EMP_ID,ACTUAL_USER_NAME,ACTUAL_ORG_NAME,REQUEST_COMMENT,PROCESSED_AT) VALUES (402,'2018/09/19 12:09:10','COTOS','2018/09/19 12:09:10','COTOS',1,401,401,'3','00808347','[テストパターン_402]','[テストパターン_402]処理実施者組織名','[テストパターン_402]コメント','2018/09/19 12:09:10');
INSERT INTO ARRANGEMENT_WORK_APPROVAL_RESULT (ID,CREATED_AT,CREATED_USER_ID,UPDATED_AT,UPDATED_USER_ID,VERSION,ARRANGEMENT_WORK_APPROVAL_ROUTE_ID,ARRANGEMENT_WORK_APPROVAL_ROUTE_NODE_ID,APPROVAL_PROCESS_CATEGORY,ACTUAL_EMP_ID,ACTUAL_USER_NAME,ACTUAL_ORG_NAME,REQUEST_COMMENT,PROCESSED_AT) VALUES (403,'2018/09/19 12:09:10','COTOS','2018/09/19 12:09:10','COTOS',1,401,402,'3','01195538','[テストパターン_403]','[テストパターン_403]処理実施者組織名','[テストパターン_403]コメント','2018/09/19 12:09:10');
INSERT INTO ARRANGEMENT_WORK_APPROVAL_RESULT (ID,CREATED_AT,CREATED_USER_ID,UPDATED_AT,UPDATED_USER_ID,VERSION,ARRANGEMENT_WORK_APPROVAL_ROUTE_ID,ARRANGEMENT_WORK_APPROVAL_ROUTE_NODE_ID,APPROVAL_PROCESS_CATEGORY,ACTUAL_EMP_ID,ACTUAL_USER_NAME,ACTUAL_ORG_NAME,REQUEST_COMMENT,PROCESSED_AT) VALUES (404,'2018/09/19 12:09:10','COTOS','2018/09/19 12:09:10','COTOS',1,402,null,'1','01307306','[テストパターン_404]','[テストパターン_404]処理実施者組織名','[テストパターン_404]コメント','2018/09/19 12:09:10');
INSERT INTO ARRANGEMENT_WORK_APPROVAL_RESULT (ID,CREATED_AT,CREATED_USER_ID,UPDATED_AT,UPDATED_USER_ID,VERSION,ARRANGEMENT_WORK_APPROVAL_ROUTE_ID,ARRANGEMENT_WORK_APPROVAL_ROUTE_NODE_ID,APPROVAL_PROCESS_CATEGORY,ACTUAL_EMP_ID,ACTUAL_USER_NAME,ACTUAL_ORG_NAME,REQUEST_COMMENT,PROCESSED_AT) VALUES (405,'2018/09/19 12:09:10','COTOS','2018/09/19 12:09:10','COTOS',1,402,403,'3','00808347','[テストパターン_405]','[テストパターン_405]処理実施者組織名','[テストパターン_405]コメント','2018/09/19 12:09:10');
INSERT INTO ARRANGEMENT_WORK_APPROVAL_RESULT (ID,CREATED_AT,CREATED_USER_ID,UPDATED_AT,UPDATED_USER_ID,VERSION,ARRANGEMENT_WORK_APPROVAL_ROUTE_ID,ARRANGEMENT_WORK_APPROVAL_ROUTE_NODE_ID,APPROVAL_PROCESS_CATEGORY,ACTUAL_EMP_ID,ACTUAL_USER_NAME,ACTUAL_ORG_NAME,REQUEST_COMMENT,PROCESSED_AT) VALUES (406,'2018/09/19 12:09:10','COTOS','2018/09/19 12:09:10','COTOS',1,402,404,'3','01195538','[テストパターン_406]','[テストパターン_406]処理実施者組織名','[テストパターン_406]コメント','2018/09/19 12:09:10');
INSERT INTO ARRANGEMENT_WORK_APPROVAL_RESULT (ID,CREATED_AT,CREATED_USER_ID,UPDATED_AT,UPDATED_USER_ID,VERSION,ARRANGEMENT_WORK_APPROVAL_ROUTE_ID,ARRANGEMENT_WORK_APPROVAL_ROUTE_NODE_ID,APPROVAL_PROCESS_CATEGORY,ACTUAL_EMP_ID,ACTUAL_USER_NAME,ACTUAL_ORG_NAME,REQUEST_COMMENT,PROCESSED_AT) VALUES (407,'2018/09/19 12:09:10','COTOS','2018/09/19 12:09:10','COTOS',1,403,null,'1','01307306','[テストパターン_407]','[テストパターン_407]処理実施者組織名','[テストパターン_407]コメント','2018/09/19 12:09:10');
INSERT INTO ARRANGEMENT_WORK_APPROVAL_RESULT (ID,CREATED_AT,CREATED_USER_ID,UPDATED_AT,UPDATED_USER_ID,VERSION,ARRANGEMENT_WORK_APPROVAL_ROUTE_ID,ARRANGEMENT_WORK_APPROVAL_ROUTE_NODE_ID,APPROVAL_PROCESS_CATEGORY,ACTUAL_EMP_ID,ACTUAL_USER_NAME,ACTUAL_ORG_NAME,REQUEST_COMMENT,PROCESSED_AT) VALUES (408,'2018/09/19 12:09:10','COTOS','2018/09/19 12:09:10','COTOS',1,403,405,'3','00808347','[テストパターン_408]','[テストパターン_408]処理実施者組織名','[テストパターン_408]コメント','2018/09/19 12:09:10');
INSERT INTO ARRANGEMENT_WORK_APPROVAL_RESULT (ID,CREATED_AT,CREATED_USER_ID,UPDATED_AT,UPDATED_USER_ID,VERSION,ARRANGEMENT_WORK_APPROVAL_ROUTE_ID,ARRANGEMENT_WORK_APPROVAL_ROUTE_NODE_ID,APPROVAL_PROCESS_CATEGORY,ACTUAL_EMP_ID,ACTUAL_USER_NAME,ACTUAL_ORG_NAME,REQUEST_COMMENT,PROCESSED_AT) VALUES (501,'2018/09/19 12:09:10','COTOS','2018/09/19 12:09:10','COTOS',1,501,null,'1','01307306','[テストパターン_501]','[テストパターン_501]処理実施者組織名','[テストパターン_501]コメント','2018/09/19 12:09:10');
INSERT INTO ARRANGEMENT_WORK_APPROVAL_RESULT (ID,CREATED_AT,CREATED_USER_ID,UPDATED_AT,UPDATED_USER_ID,VERSION,ARRANGEMENT_WORK_APPROVAL_ROUTE_ID,ARRANGEMENT_WORK_APPROVAL_ROUTE_NODE_ID,APPROVAL_PROCESS_CATEGORY,ACTUAL_EMP_ID,ACTUAL_USER_NAME,ACTUAL_ORG_NAME,REQUEST_COMMENT,PROCESSED_AT) VALUES (502,'2018/09/19 12:09:10','COTOS','2018/09/19 12:09:10','COTOS',1,501,501,'3','00808347','[テストパターン_502]','[テストパターン_502]処理実施者組織名','[テストパターン_502]コメント','2018/09/19 12:09:10');
INSERT INTO ARRANGEMENT_WORK_APPROVAL_RESULT (ID,CREATED_AT,CREATED_USER_ID,UPDATED_AT,UPDATED_USER_ID,VERSION,ARRANGEMENT_WORK_APPROVAL_ROUTE_ID,ARRANGEMENT_WORK_APPROVAL_ROUTE_NODE_ID,APPROVAL_PROCESS_CATEGORY,ACTUAL_EMP_ID,ACTUAL_USER_NAME,ACTUAL_ORG_NAME,REQUEST_COMMENT,PROCESSED_AT) VALUES (503,'2018/09/19 12:09:10','COTOS','2018/09/19 12:09:10','COTOS',1,501,502,'3','01195538','[テストパターン_503]','[テストパターン_503]処理実施者組織名','[テストパターン_503]コメント','2018/09/19 12:09:10');
INSERT INTO ARRANGEMENT_WORK_APPROVAL_RESULT (ID,CREATED_AT,CREATED_USER_ID,UPDATED_AT,UPDATED_USER_ID,VERSION,ARRANGEMENT_WORK_APPROVAL_ROUTE_ID,ARRANGEMENT_WORK_APPROVAL_ROUTE_NODE_ID,APPROVAL_PROCESS_CATEGORY,ACTUAL_EMP_ID,ACTUAL_USER_NAME,ACTUAL_ORG_NAME,REQUEST_COMMENT,PROCESSED_AT) VALUES (504,'2018/09/19 12:09:10','COTOS','2018/09/19 12:09:10','COTOS',1,502,null,'1','01307306','[テストパターン_504]','[テストパターン_504]処理実施者組織名','[テストパターン_504]コメント','2018/09/19 12:09:10');
INSERT INTO ARRANGEMENT_WORK_APPROVAL_RESULT (ID,CREATED_AT,CREATED_USER_ID,UPDATED_AT,UPDATED_USER_ID,VERSION,ARRANGEMENT_WORK_APPROVAL_ROUTE_ID,ARRANGEMENT_WORK_APPROVAL_ROUTE_NODE_ID,APPROVAL_PROCESS_CATEGORY,ACTUAL_EMP_ID,ACTUAL_USER_NAME,ACTUAL_ORG_NAME,REQUEST_COMMENT,PROCESSED_AT) VALUES (505,'2018/09/19 12:09:10','COTOS','2018/09/19 12:09:10','COTOS',1,502,503,'3','00808347','[テストパターン_505]','[テストパターン_505]処理実施者組織名','[テストパターン_505]コメント','2018/09/19 12:09:10');

INSERT INTO ARRANGEMENT_WORK_OPERATION_LOG (ID,CREATED_AT,CREATED_USER_ID,UPDATED_AT,UPDATED_USER_ID,VERSION,ARRANGEMENT_WORK_ID,OPERATION,OPERATOR_EMP_ID,OPERATOR_NAME,OPERATOR_ORG_NAME,OPERATED_AT) VALUES (401,'2018/09/19 12:09:10','COTOS','2018/09/19 12:09:10','COTOS',1,401,'業務受付','00954556','dummy_operator_name_401','dummy_operator_org_name_401','2018/09/19 12:09:10');
INSERT INTO ARRANGEMENT_WORK_OPERATION_LOG (ID,CREATED_AT,CREATED_USER_ID,UPDATED_AT,UPDATED_USER_ID,VERSION,ARRANGEMENT_WORK_ID,OPERATION,OPERATOR_EMP_ID,OPERATOR_NAME,OPERATOR_ORG_NAME,OPERATED_AT) VALUES (402,'2018/09/19 12:09:10','COTOS','2018/09/19 12:09:10','COTOS',1,401,'作業完了','00397469','dummy_operator_name_402','dummy_operator_org_name_402','2018/09/19 12:09:10');
INSERT INTO ARRANGEMENT_WORK_OPERATION_LOG (ID,CREATED_AT,CREATED_USER_ID,UPDATED_AT,UPDATED_USER_ID,VERSION,ARRANGEMENT_WORK_ID,OPERATION,OPERATOR_EMP_ID,OPERATOR_NAME,OPERATOR_ORG_NAME,OPERATED_AT) VALUES (403,'2018/09/19 12:09:10','COTOS','2018/09/19 12:09:10','COTOS',1,402,'業務受付','00672931','dummy_operator_name_403','dummy_operator_org_name_403','2018/09/19 12:09:10');
INSERT INTO ARRANGEMENT_WORK_OPERATION_LOG (ID,CREATED_AT,CREATED_USER_ID,UPDATED_AT,UPDATED_USER_ID,VERSION,ARRANGEMENT_WORK_ID,OPERATION,OPERATOR_EMP_ID,OPERATOR_NAME,OPERATOR_ORG_NAME,OPERATED_AT) VALUES (404,'2018/09/19 12:09:10','COTOS','2018/09/19 12:09:10','COTOS',1,402,'作業完了','00673440','dummy_operator_name_404','dummy_operator_org_name_404','2018/09/19 12:09:10');
INSERT INTO ARRANGEMENT_WORK_OPERATION_LOG (ID,CREATED_AT,CREATED_USER_ID,UPDATED_AT,UPDATED_USER_ID,VERSION,ARRANGEMENT_WORK_ID,OPERATION,OPERATOR_EMP_ID,OPERATOR_NAME,OPERATOR_ORG_NAME,OPERATED_AT) VALUES (405,'2018/09/19 12:09:10','COTOS','2018/09/19 12:09:10','COTOS',1,403,'業務受付','00673471','dummy_operator_name_405','dummy_operator_org_name_405','2018/09/19 12:09:10');
INSERT INTO ARRANGEMENT_WORK_OPERATION_LOG (ID,CREATED_AT,CREATED_USER_ID,UPDATED_AT,UPDATED_USER_ID,VERSION,ARRANGEMENT_WORK_ID,OPERATION,OPERATOR_EMP_ID,OPERATOR_NAME,OPERATOR_ORG_NAME,OPERATED_AT) VALUES (406,'2018/09/19 12:09:10','COTOS','2018/09/19 12:09:10','COTOS',1,403,'作業完了','00673617','dummy_operator_name_406','dummy_operator_org_name_406','2018/09/19 12:09:10');
INSERT INTO ARRANGEMENT_WORK_OPERATION_LOG (ID,CREATED_AT,CREATED_USER_ID,UPDATED_AT,UPDATED_USER_ID,VERSION,ARRANGEMENT_WORK_ID,OPERATION,OPERATOR_EMP_ID,OPERATOR_NAME,OPERATOR_ORG_NAME,OPERATED_AT) VALUES (501,'2018/09/19 12:09:10','COTOS','2018/09/19 12:09:10','COTOS',1,501,'業務受付','00673662','dummy_operator_name_501','dummy_operator_org_name_501','2018/09/19 12:09:10');
INSERT INTO ARRANGEMENT_WORK_OPERATION_LOG (ID,CREATED_AT,CREATED_USER_ID,UPDATED_AT,UPDATED_USER_ID,VERSION,ARRANGEMENT_WORK_ID,OPERATION,OPERATOR_EMP_ID,OPERATOR_NAME,OPERATOR_ORG_NAME,OPERATED_AT) VALUES (502,'2018/09/19 12:09:10','COTOS','2018/09/19 12:09:10','COTOS',1,501,'作業完了','00673754','dummy_operator_name_502','dummy_operator_org_name_502','2018/09/19 12:09:10');
INSERT INTO ARRANGEMENT_WORK_OPERATION_LOG (ID,CREATED_AT,CREATED_USER_ID,UPDATED_AT,UPDATED_USER_ID,VERSION,ARRANGEMENT_WORK_ID,OPERATION,OPERATOR_EMP_ID,OPERATOR_NAME,OPERATOR_ORG_NAME,OPERATED_AT) VALUES (503,'2018/09/19 12:09:10','COTOS','2018/09/19 12:09:10','COTOS',1,502,'業務受付','00682640','dummy_operator_name_503','dummy_operator_org_name_503','2018/09/19 12:09:10');
INSERT INTO ARRANGEMENT_WORK_OPERATION_LOG (ID,CREATED_AT,CREATED_USER_ID,UPDATED_AT,UPDATED_USER_ID,VERSION,ARRANGEMENT_WORK_ID,OPERATION,OPERATOR_EMP_ID,OPERATOR_NAME,OPERATOR_ORG_NAME,OPERATED_AT) VALUES (504,'2018/09/19 12:09:10','COTOS','2018/09/19 12:09:10','COTOS',1,502,'作業完了','01711318','dummy_operator_name_504','dummy_operator_org_name_504','2018/09/19 12:09:10');

INSERT INTO ARRANGEMENT_WORK_ATTACHED_FILE (ID,CREATED_AT,CREATED_USER_ID,UPDATED_AT,UPDATED_USER_ID,VERSION,ARRANGEMENT_WORK_ID,FILE_NAME,FILE_KIND,ATTACHED_FILE_ID,ATTACHED_COMMENT,ATTACHED_EMP_ID,ATTACHED_EMP_NAME,ATTACHED_ORG_NAME,ATTACHED_AT) VALUES (401,'2018/09/19 12:09:10','COTOS','2018/09/19 12:09:10','COTOS',1,401,'手配業務添付ファイル_1','手配業務添付ファイル種類_1',1,'dummy_attached_comment_401','00954556','dummy_attached_emp_name_401','dummy_attached_org_name_401','2018/09/19 12:09:10');
INSERT INTO ARRANGEMENT_WORK_ATTACHED_FILE (ID,CREATED_AT,CREATED_USER_ID,UPDATED_AT,UPDATED_USER_ID,VERSION,ARRANGEMENT_WORK_ID,FILE_NAME,FILE_KIND,ATTACHED_FILE_ID,ATTACHED_COMMENT,ATTACHED_EMP_ID,ATTACHED_EMP_NAME,ATTACHED_ORG_NAME,ATTACHED_AT) VALUES (402,'2018/09/19 12:09:10','COTOS','2018/09/19 12:09:10','COTOS',1,401,'手配業務添付ファイル_2','手配業務添付ファイル種類_2',2,'dummy_attached_comment_402','00397469','dummy_attached_emp_name_402','dummy_attached_org_name_402','2018/09/19 12:09:10');
INSERT INTO ARRANGEMENT_WORK_ATTACHED_FILE (ID,CREATED_AT,CREATED_USER_ID,UPDATED_AT,UPDATED_USER_ID,VERSION,ARRANGEMENT_WORK_ID,FILE_NAME,FILE_KIND,ATTACHED_FILE_ID,ATTACHED_COMMENT,ATTACHED_EMP_ID,ATTACHED_EMP_NAME,ATTACHED_ORG_NAME,ATTACHED_AT) VALUES (403,'2018/09/19 12:09:10','COTOS','2018/09/19 12:09:10','COTOS',1,402,'手配業務添付ファイル_1','手配業務添付ファイル種類_1',1,'dummy_attached_comment_403','00672931','dummy_attached_emp_name_403','dummy_attached_org_name_403','2018/09/19 12:09:10');
INSERT INTO ARRANGEMENT_WORK_ATTACHED_FILE (ID,CREATED_AT,CREATED_USER_ID,UPDATED_AT,UPDATED_USER_ID,VERSION,ARRANGEMENT_WORK_ID,FILE_NAME,FILE_KIND,ATTACHED_FILE_ID,ATTACHED_COMMENT,ATTACHED_EMP_ID,ATTACHED_EMP_NAME,ATTACHED_ORG_NAME,ATTACHED_AT) VALUES (404,'2018/09/19 12:09:10','COTOS','2018/09/19 12:09:10','COTOS',1,402,'手配業務添付ファイル_2','手配業務添付ファイル種類_2',2,'dummy_attached_comment_404','00673440','dummy_attached_emp_name_404','dummy_attached_org_name_404','2018/09/19 12:09:10');
INSERT INTO ARRANGEMENT_WORK_ATTACHED_FILE (ID,CREATED_AT,CREATED_USER_ID,UPDATED_AT,UPDATED_USER_ID,VERSION,ARRANGEMENT_WORK_ID,FILE_NAME,FILE_KIND,ATTACHED_FILE_ID,ATTACHED_COMMENT,ATTACHED_EMP_ID,ATTACHED_EMP_NAME,ATTACHED_ORG_NAME,ATTACHED_AT) VALUES (405,'2018/09/19 12:09:10','COTOS','2018/09/19 12:09:10','COTOS',1,403,'手配業務添付ファイル_1','手配業務添付ファイル種類_1',1,'dummy_attached_comment_405','00673471','dummy_attached_emp_name_405','dummy_attached_org_name_405','2018/09/19 12:09:10');
INSERT INTO ARRANGEMENT_WORK_ATTACHED_FILE (ID,CREATED_AT,CREATED_USER_ID,UPDATED_AT,UPDATED_USER_ID,VERSION,ARRANGEMENT_WORK_ID,FILE_NAME,FILE_KIND,ATTACHED_FILE_ID,ATTACHED_COMMENT,ATTACHED_EMP_ID,ATTACHED_EMP_NAME,ATTACHED_ORG_NAME,ATTACHED_AT) VALUES (406,'2018/09/19 12:09:10','COTOS','2018/09/19 12:09:10','COTOS',1,403,'手配業務添付ファイル_2','手配業務添付ファイル種類_2',2,'dummy_attached_comment_406','00673617','dummy_attached_emp_name_406','dummy_attached_org_name_406','2018/09/19 12:09:10');
INSERT INTO ARRANGEMENT_WORK_ATTACHED_FILE (ID,CREATED_AT,CREATED_USER_ID,UPDATED_AT,UPDATED_USER_ID,VERSION,ARRANGEMENT_WORK_ID,FILE_NAME,FILE_KIND,ATTACHED_FILE_ID,ATTACHED_COMMENT,ATTACHED_EMP_ID,ATTACHED_EMP_NAME,ATTACHED_ORG_NAME,ATTACHED_AT) VALUES (501,'2018/09/19 12:09:10','COTOS','2018/09/19 12:09:10','COTOS',1,501,'手配業務添付ファイル_1','手配業務添付ファイル種類_1',1,'dummy_attached_comment_501','00673662','dummy_attached_emp_name_501','dummy_attached_org_name_501','2018/09/19 12:09:10');
INSERT INTO ARRANGEMENT_WORK_ATTACHED_FILE (ID,CREATED_AT,CREATED_USER_ID,UPDATED_AT,UPDATED_USER_ID,VERSION,ARRANGEMENT_WORK_ID,FILE_NAME,FILE_KIND,ATTACHED_FILE_ID,ATTACHED_COMMENT,ATTACHED_EMP_ID,ATTACHED_EMP_NAME,ATTACHED_ORG_NAME,ATTACHED_AT) VALUES (502,'2018/09/19 12:09:10','COTOS','2018/09/19 12:09:10','COTOS',1,501,'手配業務添付ファイル_2','手配業務添付ファイル種類_2',2,'dummy_attached_comment_502','00673754','dummy_attached_emp_name_502','dummy_attached_org_name_502','2018/09/19 12:09:10');
INSERT INTO ARRANGEMENT_WORK_ATTACHED_FILE (ID,CREATED_AT,CREATED_USER_ID,UPDATED_AT,UPDATED_USER_ID,VERSION,ARRANGEMENT_WORK_ID,FILE_NAME,FILE_KIND,ATTACHED_FILE_ID,ATTACHED_COMMENT,ATTACHED_EMP_ID,ATTACHED_EMP_NAME,ATTACHED_ORG_NAME,ATTACHED_AT) VALUES (503,'2018/09/19 12:09:10','COTOS','2018/09/19 12:09:10','COTOS',1,502,'手配業務添付ファイル_1','手配業務添付ファイル種類_1',1,'dummy_attached_comment_503','00682640','dummy_attached_emp_name_503','dummy_attached_org_name_503','2018/09/19 12:09:10');
INSERT INTO ARRANGEMENT_WORK_ATTACHED_FILE (ID,CREATED_AT,CREATED_USER_ID,UPDATED_AT,UPDATED_USER_ID,VERSION,ARRANGEMENT_WORK_ID,FILE_NAME,FILE_KIND,ATTACHED_FILE_ID,ATTACHED_COMMENT,ATTACHED_EMP_ID,ATTACHED_EMP_NAME,ATTACHED_ORG_NAME,ATTACHED_AT) VALUES (504,'2018/09/19 12:09:10','COTOS','2018/09/19 12:09:10','COTOS',1,502,'手配業務添付ファイル_2','手配業務添付ファイル種類_2',2,'dummy_attached_comment_504','01711318','dummy_attached_emp_name_504','dummy_attached_org_name_504','2018/09/19 12:09:10');

INSERT INTO ARRANGEMENT_PIC_WORKER_EMP (ID,CREATED_AT,CREATED_USER_ID,UPDATED_AT,UPDATED_USER_ID,VERSION,MOM_EMPLOYEE_ID,MOM_ORG_ID,ORG_HIERARCHY_LEVEL,ORG_NAME,SALES_COMPANY_NAME,ORG_PHONE_NUMBER,EMPLOYEE_NAME,SALES_DEPARTMENT_NAME,POST_NUMBER,ADDRESS,PHONE_NUMBER,FAX_NUMBER,MAIL_ADDRESS,ARRANGEMENT_WORK_ID) VALUES (401,'2018/09/19 12:09:10','COTOS','2018/09/19 12:09:10','COTOS',1,'00397971','0912886',1,'[テストパターン_401]','dummy_sales_company_name_401','xx-xxxx-xxxx','dummy_employee_name_401','dummy_sales_department_name_401','xxx-xxxx','dummy_address_401','xx-xxxx-xxxx','aa-aaaa-aaaa','dummy_mail_address_401',401);
INSERT INTO ARRANGEMENT_PIC_WORKER_EMP (ID,CREATED_AT,CREATED_USER_ID,UPDATED_AT,UPDATED_USER_ID,VERSION,MOM_EMPLOYEE_ID,MOM_ORG_ID,ORG_HIERARCHY_LEVEL,ORG_NAME,SALES_COMPANY_NAME,ORG_PHONE_NUMBER,EMPLOYEE_NAME,SALES_DEPARTMENT_NAME,POST_NUMBER,ADDRESS,PHONE_NUMBER,FAX_NUMBER,MAIL_ADDRESS,ARRANGEMENT_WORK_ID) VALUES (402,'2018/09/19 12:09:10','COTOS','2018/09/19 12:09:10','COTOS',1,'00520935','0912886',1,'[テストパターン_402]','dummy_sales_company_name_402','xx-xxxx-xxxx','dummy_employee_name_402','dummy_sales_department_name_402','xxx-xxxx','dummy_address_402','xx-xxxx-xxxx','aa-aaaa-aaaa','dummy_mail_address_402',402);
INSERT INTO ARRANGEMENT_PIC_WORKER_EMP (ID,CREATED_AT,CREATED_USER_ID,UPDATED_AT,UPDATED_USER_ID,VERSION,MOM_EMPLOYEE_ID,MOM_ORG_ID,ORG_HIERARCHY_LEVEL,ORG_NAME,SALES_COMPANY_NAME,ORG_PHONE_NUMBER,EMPLOYEE_NAME,SALES_DEPARTMENT_NAME,POST_NUMBER,ADDRESS,PHONE_NUMBER,FAX_NUMBER,MAIL_ADDRESS,ARRANGEMENT_WORK_ID) VALUES (403,'2018/09/19 12:09:10','COTOS','2018/09/19 12:09:10','COTOS',1,'00634915','0266621',1,'[テストパターン_403]','dummy_sales_company_name_403','xx-xxxx-xxxx','dummy_employee_name_403','dummy_sales_department_name_403','xxx-xxxx','dummy_address_403','xx-xxxx-xxxx','aa-aaaa-aaaa','dummy_mail_address_403',403);
INSERT INTO ARRANGEMENT_PIC_WORKER_EMP (ID,CREATED_AT,CREATED_USER_ID,UPDATED_AT,UPDATED_USER_ID,VERSION,MOM_EMPLOYEE_ID,MOM_ORG_ID,ORG_HIERARCHY_LEVEL,ORG_NAME,SALES_COMPANY_NAME,ORG_PHONE_NUMBER,EMPLOYEE_NAME,SALES_DEPARTMENT_NAME,POST_NUMBER,ADDRESS,PHONE_NUMBER,FAX_NUMBER,MAIL_ADDRESS,ARRANGEMENT_WORK_ID) VALUES (501,'2018/09/19 12:09:10','COTOS','2018/09/19 12:09:10','COTOS',1,'00644655','0266621',1,'[テストパターン_501]','dummy_sales_company_name_501','xx-xxxx-xxxx','dummy_employee_name_501','dummy_sales_department_name_501','xxx-xxxx','dummy_address_501','xx-xxxx-xxxx','aa-aaaa-aaaa','dummy_mail_address_501',501);
INSERT INTO ARRANGEMENT_PIC_WORKER_EMP (ID,CREATED_AT,CREATED_USER_ID,UPDATED_AT,UPDATED_USER_ID,VERSION,MOM_EMPLOYEE_ID,MOM_ORG_ID,ORG_HIERARCHY_LEVEL,ORG_NAME,SALES_COMPANY_NAME,ORG_PHONE_NUMBER,EMPLOYEE_NAME,SALES_DEPARTMENT_NAME,POST_NUMBER,ADDRESS,PHONE_NUMBER,FAX_NUMBER,MAIL_ADDRESS,ARRANGEMENT_WORK_ID) VALUES (502,'2018/09/19 12:09:10','COTOS','2018/09/19 12:09:10','COTOS',1,'00645447','0266621',1,'[テストパターン_502]','dummy_sales_company_name_502','xx-xxxx-xxxx','dummy_employee_name_502','dummy_sales_department_name_502','xxx-xxxx','dummy_address_502','xx-xxxx-xxxx','aa-aaaa-aaaa','dummy_mail_address_502',502);