INSERT INTO communication (id,created_at,created_user_id,updated_at,updated_user_id,version,service_category,process_category,target_doc_key,workflow_type,approval_target_type,target_doc_url,request_origin_id,request_from_id,request_to_id,request_to_candidate_id,target_doc_number,target_doc_branch_number,customer_name,product_grp_name,title,communication_comment,communicated_at,product_grp_master_id,request_origin_name,request_from_name,request_to_name,request_to_candidate_name) VALUES (1,'2018/09/19 12:09:10','COTOS','2018/09/19 12:09:10','COTOS',1,'1','1','4','1','1','dummy/target_doc_url/1','dummy_request_origin_id_1','dummy_request_from_id_1','dummy_request_to_id_1','dummy_request_to_candidate_id_1','CE2018091900401',1,'dummy_customer_name_501','ＮＥＴＢｅｇｉｎ　ＢＢパック　Ｓｅｌｅｃｔ/ネットワークセキュリティパック','[テストパターン4]見積→契約→手配→解約手配まで','dummy_target_doc_number_1','2018/09/19 12:09:10','1','dummy_name1','dummy_name2','dummy_name3','dummy_name4');
INSERT INTO communication (id,created_at,created_user_id,updated_at,updated_user_id,version,service_category,process_category,target_doc_key,workflow_type,approval_target_type,target_doc_url,request_origin_id,request_from_id,request_to_id,request_to_candidate_id,target_doc_number,target_doc_branch_number,customer_name,product_grp_name,title,communication_comment,communicated_at,product_grp_master_id,request_origin_name,request_from_name,request_to_name,request_to_candidate_name) VALUES (4,'2018/09/19 12:09:10','COTOS','2018/09/19 12:09:10','COTOS',1,'1','1','5','1','1','dummy/target_doc_url/4','dummy_request_origin_id_4','dummy_request_from_id_4','dummy_request_to_id_4','dummy_request_to_candidate_id_4','CE2018091900501',1,'dummy_customer_name_501','ＮＥＴＢｅｇｉｎ　ＢＢパック　Ｓｅｌｅｃｔ/ネットワークセキュリティパック','[テストパターン5]見積→契約⇒手配まで　商品MIX','dummy_target_doc_number_4','2018/09/19 12:09:10','1','dummy_name1','dummy_name2','dummy_name3','dummy_name4');
INSERT INTO communication_history (id,created_at,created_user_id,updated_at,updated_user_id,version,service_category,process_category,target_doc_key,workflow_type,approval_target_type,target_doc_url,request_origin_id,request_from_id,request_to_id,request_to_candidate_id,target_doc_number,target_doc_branch_number,customer_name,product_grp_name,title,communication_comment,communicated_at,product_grp_master_id,request_origin_name,request_from_name,request_to_name,request_to_candidate_name) VALUES (1,'2018/09/19 12:09:10','COTOS','2018/09/19 12:09:10','COTOS',1,'1','1','4','1','1','dummy/target_doc_url/1','dummy_request_origin_id_1','dummy_request_from_id_1','dummy_request_from_id_1','dummy_request_to_candidate_id_1','CE2018091900401',1,'dummy_customer_name_501','ＮＥＴＢｅｇｉｎ　ＢＢパック　Ｓｅｌｅｃｔ/ネットワークセキュリティパック','[テストパターン4]見積→契約→手配→解約手配まで','dummy_target_doc_number_1','2018/09/19 12:09:10','1','dummy_name1','dummy_name2','dummy_name3','dummy_name4');
INSERT INTO communication_history (id,created_at,created_user_id,updated_at,updated_user_id,version,service_category,process_category,target_doc_key,workflow_type,approval_target_type,target_doc_url,request_origin_id,request_from_id,request_to_id,request_to_candidate_id,target_doc_number,target_doc_branch_number,customer_name,product_grp_name,title,communication_comment,communicated_at,product_grp_master_id,request_origin_name,request_from_name,request_to_name,request_to_candidate_name) VALUES (2,'2018/09/19 12:09:10','COTOS','2018/09/19 12:09:10','COTOS',1,'2','1','4','1','1','dummy/target_doc_url/2','dummy_request_origin_id_2','dummy_request_from_id_2','dummy_request_from_id_2','dummy_request_to_candidate_id_2','CC2018091900401',1,'dummy_customer_name_501','ＮＥＴＢｅｇｉｎ　ＢＢパック　Ｓｅｌｅｃｔ/ネットワークセキュリティパック','[テストパターン4]見積→契約→手配→解約手配まで','dummy_target_doc_number_2','2018/09/19 12:09:10','1','dummy_name1','dummy_name2','dummy_name3','dummy_name4');
INSERT INTO communication_history (id,created_at,created_user_id,updated_at,updated_user_id,version,service_category,process_category,target_doc_key,workflow_type,approval_target_type,target_doc_url,request_origin_id,request_from_id,request_to_id,request_to_candidate_id,target_doc_number,target_doc_branch_number,customer_name,product_grp_name,title,communication_comment,communicated_at,product_grp_master_id,request_origin_name,request_from_name,request_to_name,request_to_candidate_name) VALUES (3,'2018/09/19 12:09:10','COTOS','2018/09/19 12:09:10','COTOS',1,'3','1','4','1','1','dummy/target_doc_url/3','dummy_request_origin_id_3','dummy_request_from_id_3','dummy_request_from_id_3','dummy_request_to_candidate_id_3','CC2018091900401',1,'dummy_customer_name_501','ＮＥＴＢｅｇｉｎ　ＢＢパック　Ｓｅｌｅｃｔ/ネットワークセキュリティパック','CE手配','dummy_target_doc_number_3','2018/09/19 12:09:10','1','dummy_name1','dummy_name2','dummy_name3','dummy_name4');
INSERT INTO communication_history (id,created_at,created_user_id,updated_at,updated_user_id,version,service_category,process_category,target_doc_key,workflow_type,approval_target_type,target_doc_url,request_origin_id,request_from_id,request_to_id,request_to_candidate_id,target_doc_number,target_doc_branch_number,customer_name,product_grp_name,title,communication_comment,communicated_at,product_grp_master_id,request_origin_name,request_from_name,request_to_name,request_to_candidate_name) VALUES (4,'2018/09/19 12:09:10','COTOS','2018/09/19 12:09:10','COTOS',1,'1','1','5','1','1','dummy/target_doc_url/4','dummy_request_origin_id_4','dummy_request_from_id_4','dummy_request_from_id_4','dummy_request_to_candidate_id_4','CE2018091900501',1,'dummy_customer_name_501','ＮＥＴＢｅｇｉｎ　ＢＢパック　Ｓｅｌｅｃｔ/ネットワークセキュリティパック','[テストパターン5]見積→契約⇒手配まで　商品MIX','dummy_target_doc_number_4','2018/09/19 12:09:10','1','dummy_name1','dummy_name2','dummy_name3','dummy_name4');
INSERT INTO communication_history (id,created_at,created_user_id,updated_at,updated_user_id,version,service_category,process_category,target_doc_key,workflow_type,approval_target_type,target_doc_url,request_origin_id,request_from_id,request_to_id,request_to_candidate_id,target_doc_number,target_doc_branch_number,customer_name,product_grp_name,title,communication_comment,communicated_at,product_grp_master_id,request_origin_name,request_from_name,request_to_name,request_to_candidate_name) VALUES (5,'2018/09/19 12:09:10','COTOS','2018/09/19 12:09:10','COTOS',1,'2','1','5','1','1','dummy/target_doc_url/5','dummy_request_origin_id_5','dummy_request_from_id_5','dummy_request_from_id_5','dummy_request_to_candidate_id_5','CC2018091900501',1,'dummy_customer_name_501','ＮＥＴＢｅｇｉｎ　ＢＢパック　Ｓｅｌｅｃｔ/ネットワークセキュリティパック','[テストパターン5]見積→契約⇒手配まで　商品MIX','dummy_target_doc_number_5','2018/09/19 12:09:10','1','dummy_name1','dummy_name2','dummy_name3','dummy_name4');
INSERT INTO communication_history (id,created_at,created_user_id,updated_at,updated_user_id,version,service_category,process_category,target_doc_key,workflow_type,approval_target_type,target_doc_url,request_origin_id,request_from_id,request_to_id,request_to_candidate_id,target_doc_number,target_doc_branch_number,customer_name,product_grp_name,title,communication_comment,communicated_at,product_grp_master_id,request_origin_name,request_from_name,request_to_name,request_to_candidate_name) VALUES (6,'2018/09/19 12:09:10','COTOS','2018/09/19 12:09:10','COTOS',1,'3','1','5','1','1','dummy/target_doc_url/6','dummy_request_origin_id_6','dummy_request_from_id_6','dummy_request_from_id_6','dummy_request_to_candidate_id_6','CC2018091900501',1,'dummy_customer_name_501','ＮＥＴＢｅｇｉｎ　ＢＢパック　Ｓｅｌｅｃｔ/ネットワークセキュリティパック','部材手配','dummy_target_doc_number_6','2018/09/19 12:09:10','1','dummy_name1','dummy_name2','dummy_name3','dummy_name4');
INSERT INTO CONTACT (ID,CREATED_AT,CREATED_USER_ID,UPDATED_AT,UPDATED_USER_ID,VERSION,ESTIMATION_ID,PARENT_ID,CONTACT_FROM_EMP_ID,SERVICE_CATEGORY,TITLE,CONTENT,SEND_AT) VALUES (1,'2018/09/19 12:09:10','COTOS','2018/09/19 12:09:10','COTOS',1,4,null,'dummy_contact_from_emp_id_1','1','dummy_title_1','dummy_content_1','2018/09/19 12:09:10');
INSERT INTO CONTACT (ID,CREATED_AT,CREATED_USER_ID,UPDATED_AT,UPDATED_USER_ID,VERSION,ESTIMATION_ID,PARENT_ID,CONTACT_FROM_EMP_ID,SERVICE_CATEGORY,TITLE,CONTENT,SEND_AT) VALUES (2,'2018/09/19 12:09:10','COTOS','2018/09/19 12:09:10','COTOS',1,4,null,'dummy_contact_from_emp_id_2','2','dummy_title_2','dummy_content_2','2018/09/19 12:09:10');
INSERT INTO CONTACT (ID,CREATED_AT,CREATED_USER_ID,UPDATED_AT,UPDATED_USER_ID,VERSION,ESTIMATION_ID,PARENT_ID,CONTACT_FROM_EMP_ID,SERVICE_CATEGORY,TITLE,CONTENT,SEND_AT) VALUES (3,'2018/09/19 12:09:10','COTOS','2018/09/19 12:09:10','COTOS',1,4,null,'dummy_contact_from_emp_id_3','3','dummy_title_3','dummy_content_3','2018/09/19 12:09:10');
INSERT INTO CONTACT (ID,CREATED_AT,CREATED_USER_ID,UPDATED_AT,UPDATED_USER_ID,VERSION,ESTIMATION_ID,PARENT_ID,CONTACT_FROM_EMP_ID,SERVICE_CATEGORY,TITLE,CONTENT,SEND_AT) VALUES (4,'2018/09/19 12:09:10','COTOS','2018/09/19 12:09:10','COTOS',1,5,null,'dummy_contact_from_emp_id_4','1','dummy_title_4','dummy_content_4','2018/09/19 12:09:10');
INSERT INTO CONTACT (ID,CREATED_AT,CREATED_USER_ID,UPDATED_AT,UPDATED_USER_ID,VERSION,ESTIMATION_ID,PARENT_ID,CONTACT_FROM_EMP_ID,SERVICE_CATEGORY,TITLE,CONTENT,SEND_AT) VALUES (5,'2018/09/19 12:09:10','COTOS','2018/09/19 12:09:10','COTOS',1,5,4,'dummy_contact_from_emp_id_5','1','dummy_title_5','dummy_content_5','2018/09/19 12:09:10');
INSERT INTO CONTACT (ID,CREATED_AT,CREATED_USER_ID,UPDATED_AT,UPDATED_USER_ID,VERSION,ESTIMATION_ID,PARENT_ID,CONTACT_FROM_EMP_ID,SERVICE_CATEGORY,TITLE,CONTENT,SEND_AT) VALUES (6,'2018/09/19 12:09:10','COTOS','2018/09/19 12:09:10','COTOS',1,5,4,'dummy_contact_from_emp_id_6','1','dummy_title_6','dummy_content_6','2018/09/19 12:09:10');
INSERT INTO CONTACT (ID,CREATED_AT,CREATED_USER_ID,UPDATED_AT,UPDATED_USER_ID,VERSION,ESTIMATION_ID,PARENT_ID,CONTACT_FROM_EMP_ID,SERVICE_CATEGORY,TITLE,CONTENT,SEND_AT) VALUES (7,'2018/09/19 12:09:10','COTOS','2018/09/19 12:09:10','COTOS',1,5,null,'dummy_contact_from_emp_id_7','1','dummy_title_7','dummy_content_7','2018/09/19 12:09:10');
INSERT INTO CONTACT (ID,CREATED_AT,CREATED_USER_ID,UPDATED_AT,UPDATED_USER_ID,VERSION,ESTIMATION_ID,PARENT_ID,CONTACT_FROM_EMP_ID,SERVICE_CATEGORY,TITLE,CONTENT,SEND_AT) VALUES (8,'2018/09/19 12:09:10','COTOS','2018/09/19 12:09:10','COTOS',1,5,7,'dummy_contact_from_emp_id_8','1','dummy_title_8','dummy_content_8','2018/09/19 12:09:10');
INSERT INTO CONTACT_TO (ID,CREATED_AT,CREATED_USER_ID,UPDATED_AT,UPDATED_USER_ID,VERSION,CONTACT_ID,SEND_TYPE,CONTACT_TO_EMP_ID,CONTACT_TO_EMAIL) VALUES (1,'2018/09/19 12:09:10','COTOS','2018/09/19 12:09:10','COTOS',1,1,'1','dummy_contact_to_emp_id_1','dummy_contact_to_email_1');
INSERT INTO CONTACT_TO (ID,CREATED_AT,CREATED_USER_ID,UPDATED_AT,UPDATED_USER_ID,VERSION,CONTACT_ID,SEND_TYPE,CONTACT_TO_EMP_ID,CONTACT_TO_EMAIL) VALUES (2,'2018/09/19 12:09:10','COTOS','2018/09/19 12:09:10','COTOS',1,1,'2','dummy_contact_to_emp_id_2','dummy_contact_to_email_2');
INSERT INTO CONTACT_TO (ID,CREATED_AT,CREATED_USER_ID,UPDATED_AT,UPDATED_USER_ID,VERSION,CONTACT_ID,SEND_TYPE,CONTACT_TO_EMP_ID,CONTACT_TO_EMAIL) VALUES (3,'2018/09/19 12:09:10','COTOS','2018/09/19 12:09:10','COTOS',1,2,'1','dummy_contact_to_emp_id_3','dummy_contact_to_email_3');
INSERT INTO CONTACT_TO (ID,CREATED_AT,CREATED_USER_ID,UPDATED_AT,UPDATED_USER_ID,VERSION,CONTACT_ID,SEND_TYPE,CONTACT_TO_EMP_ID,CONTACT_TO_EMAIL) VALUES (4,'2018/09/19 12:09:10','COTOS','2018/09/19 12:09:10','COTOS',1,2,'2','dummy_contact_to_emp_id_4','dummy_contact_to_email_4');
INSERT INTO CONTACT_TO (ID,CREATED_AT,CREATED_USER_ID,UPDATED_AT,UPDATED_USER_ID,VERSION,CONTACT_ID,SEND_TYPE,CONTACT_TO_EMP_ID,CONTACT_TO_EMAIL) VALUES (5,'2018/09/19 12:09:10','COTOS','2018/09/19 12:09:10','COTOS',1,3,'1','dummy_contact_to_emp_id_5','dummy_contact_to_email_5');
INSERT INTO CONTACT_TO (ID,CREATED_AT,CREATED_USER_ID,UPDATED_AT,UPDATED_USER_ID,VERSION,CONTACT_ID,SEND_TYPE,CONTACT_TO_EMP_ID,CONTACT_TO_EMAIL) VALUES (6,'2018/09/19 12:09:10','COTOS','2018/09/19 12:09:10','COTOS',1,3,'2','dummy_contact_to_emp_id_6','dummy_contact_to_email_6');
INSERT INTO CONTACT_TO (ID,CREATED_AT,CREATED_USER_ID,UPDATED_AT,UPDATED_USER_ID,VERSION,CONTACT_ID,SEND_TYPE,CONTACT_TO_EMP_ID,CONTACT_TO_EMAIL) VALUES (7,'2018/09/19 12:09:10','COTOS','2018/09/19 12:09:10','COTOS',1,4,'1','dummy_contact_to_emp_id_7','dummy_contact_to_email_7');
INSERT INTO CONTACT_TO (ID,CREATED_AT,CREATED_USER_ID,UPDATED_AT,UPDATED_USER_ID,VERSION,CONTACT_ID,SEND_TYPE,CONTACT_TO_EMP_ID,CONTACT_TO_EMAIL) VALUES (8,'2018/09/19 12:09:10','COTOS','2018/09/19 12:09:10','COTOS',1,4,'2','dummy_contact_to_emp_id_8','dummy_contact_to_email_8');
INSERT INTO CONTACT_TO (ID,CREATED_AT,CREATED_USER_ID,UPDATED_AT,UPDATED_USER_ID,VERSION,CONTACT_ID,SEND_TYPE,CONTACT_TO_EMP_ID,CONTACT_TO_EMAIL) VALUES (9,'2018/09/19 12:09:10','COTOS','2018/09/19 12:09:10','COTOS',1,5,'1','dummy_contact_to_emp_id_9','dummy_contact_to_email_9');
INSERT INTO CONTACT_TO (ID,CREATED_AT,CREATED_USER_ID,UPDATED_AT,UPDATED_USER_ID,VERSION,CONTACT_ID,SEND_TYPE,CONTACT_TO_EMP_ID,CONTACT_TO_EMAIL) VALUES (10,'2018/09/19 12:09:10','COTOS','2018/09/19 12:09:10','COTOS',1,5,'2','dummy_contact_to_emp_id_10','dummy_contact_to_email_10');
INSERT INTO CONTACT_TO (ID,CREATED_AT,CREATED_USER_ID,UPDATED_AT,UPDATED_USER_ID,VERSION,CONTACT_ID,SEND_TYPE,CONTACT_TO_EMP_ID,CONTACT_TO_EMAIL) VALUES (11,'2018/09/19 12:09:10','COTOS','2018/09/19 12:09:10','COTOS',1,6,'1','dummy_contact_to_emp_id_11','dummy_contact_to_email_11');
INSERT INTO CONTACT_TO (ID,CREATED_AT,CREATED_USER_ID,UPDATED_AT,UPDATED_USER_ID,VERSION,CONTACT_ID,SEND_TYPE,CONTACT_TO_EMP_ID,CONTACT_TO_EMAIL) VALUES (12,'2018/09/19 12:09:10','COTOS','2018/09/19 12:09:10','COTOS',1,6,'2','dummy_contact_to_emp_id_12','dummy_contact_to_email_12');
INSERT INTO CONTACT_TO (ID,CREATED_AT,CREATED_USER_ID,UPDATED_AT,UPDATED_USER_ID,VERSION,CONTACT_ID,SEND_TYPE,CONTACT_TO_EMP_ID,CONTACT_TO_EMAIL) VALUES (13,'2018/09/19 12:09:10','COTOS','2018/09/19 12:09:10','COTOS',1,7,'1','dummy_contact_to_emp_id_13','dummy_contact_to_email_13');
INSERT INTO CONTACT_TO (ID,CREATED_AT,CREATED_USER_ID,UPDATED_AT,UPDATED_USER_ID,VERSION,CONTACT_ID,SEND_TYPE,CONTACT_TO_EMP_ID,CONTACT_TO_EMAIL) VALUES (14,'2018/09/19 12:09:10','COTOS','2018/09/19 12:09:10','COTOS',1,7,'2','dummy_contact_to_emp_id_14','dummy_contact_to_email_14');
INSERT INTO CONTACT_TO (ID,CREATED_AT,CREATED_USER_ID,UPDATED_AT,UPDATED_USER_ID,VERSION,CONTACT_ID,SEND_TYPE,CONTACT_TO_EMP_ID,CONTACT_TO_EMAIL) VALUES (15,'2018/09/19 12:09:10','COTOS','2018/09/19 12:09:10','COTOS',1,8,'1','dummy_contact_to_emp_id_15','dummy_contact_to_email_15');
INSERT INTO CONTACT_TO (ID,CREATED_AT,CREATED_USER_ID,UPDATED_AT,UPDATED_USER_ID,VERSION,CONTACT_ID,SEND_TYPE,CONTACT_TO_EMP_ID,CONTACT_TO_EMAIL) VALUES (16,'2018/09/19 12:09:10','COTOS','2018/09/19 12:09:10','COTOS',1,8,'2','dummy_contact_to_emp_id_16','dummy_contact_to_email_16');