INSERT INTO CONTRACT (ID,CREATED_AT,CREATED_USER_ID,UPDATED_AT,UPDATED_USER_ID,VERSION,CONTRACT_TYPE,PRODUCT_GRP_MASTER_ID,LIFECYCLE_STATUS,WORKFLOW_STATUS,IMMUTABLE_CONT_IDENT_NUMBER,CASE_NUMBER,CASE_TITLE,CONTRACT_NUMBER,CONTRACT_BRANCH_NUMBER,CONTRACT_TITLE,ORIGIN_CONTRACT_NUMBER,ORIGIN_CONTRACT_BRANCH_NUMBER,ORIGIN_CONTRACT_ID,INTRODUCTION_PREFERRED_DATE,CHANGE_PREFERRED_DATE,CONTRACT_DATE,ACCOUNT_SALES_FLG,BILLING_DATE,SERVICE_TERM_START,SERVICE_TERM_END,CANCEL_SCHEDULED_DATE,ESTIMATION_NUMBER,ESTIMATION_BRANCH_NUMBER,ESTIMATION_ID,ESTIMATION_TITLE,COMMERCIAL_FLOW_DIV,ISSUE_FORMAT,BILLING_CUSTOMER_SP_CODE,BILLING_CUSTOMER_SP_NAME,PAYMENT_TERMS,PAYMENT_METHOD,EXTENDS_PARAMETER,CANCEL_REASON,CANCEL_REASON_ETC,WEB_ORDER_NUMBER,RJ_MANAGE_NUMBER,BILLING_START_DATE,CANCEL_ORDER_NO) VALUES (4,'2018/09/19 12:09:10','COTOS','2018/09/19 12:09:10','COTOS',1,'1',3,'1','1','4','[テストパターン4]見積→契約→手配→解約手配まで','[テストパターン4]見積→契約→手配→解約手配まで','CC2018091900401',1,'[テストパターン4]見積→契約→手配→解約手配まで','CC2018091900401',1,1,'2018/10/1','2018/10/1','2018/9/19',0,'2018/11/1','2018/10/1','2020/10/1','2020/10/1','CE2018091900401',1,4,'[テストパターン4]見積→契約→手配→解約手配まで','1','1','401','[テストパターン4]','[テストパターン4]','[テストパターン4]','dummy_extends_parameter_4','[テストパターン4]','[テストパターン4]','web受注注文番号1','RJ管理番号1','2020/10/1','解約注文番号1');
INSERT INTO CONTRACT (ID,CREATED_AT,CREATED_USER_ID,UPDATED_AT,UPDATED_USER_ID,VERSION,CONTRACT_TYPE,PRODUCT_GRP_MASTER_ID,LIFECYCLE_STATUS,WORKFLOW_STATUS,IMMUTABLE_CONT_IDENT_NUMBER,CASE_NUMBER,CASE_TITLE,CONTRACT_NUMBER,CONTRACT_BRANCH_NUMBER,CONTRACT_TITLE,ORIGIN_CONTRACT_NUMBER,ORIGIN_CONTRACT_BRANCH_NUMBER,ORIGIN_CONTRACT_ID,INTRODUCTION_PREFERRED_DATE,CHANGE_PREFERRED_DATE,CONTRACT_DATE,ACCOUNT_SALES_FLG,BILLING_DATE,SERVICE_TERM_START,SERVICE_TERM_END,CANCEL_SCHEDULED_DATE,ESTIMATION_NUMBER,ESTIMATION_BRANCH_NUMBER,ESTIMATION_ID,ESTIMATION_TITLE,COMMERCIAL_FLOW_DIV,ISSUE_FORMAT,BILLING_CUSTOMER_SP_CODE,BILLING_CUSTOMER_SP_NAME,PAYMENT_TERMS,PAYMENT_METHOD,EXTENDS_PARAMETER,CANCEL_REASON,CANCEL_REASON_ETC,WEB_ORDER_NUMBER,RJ_MANAGE_NUMBER,BILLING_START_DATE,CANCEL_ORDER_NO) VALUES (5,'2018/09/19 12:09:10','COTOS','2018/09/19 12:09:10','COTOS',1,'1',4,'1','1','5','[テストパターン5]見積→契約⇒手配まで　商品MIX','[テストパターン5]見積→契約⇒手配まで　商品MIX','CC2018091900501',1,'[テストパターン5]見積→契約⇒手配まで　商品MIX','CC2018091900501',1,1,'2018/10/1','2018/10/1','2018/9/19',0,'2018/11/1','2018/10/1','2020/10/1','2020/10/1','CE2018091900501',1,5,'[テストパターン5]見積→契約⇒手配まで　商品MIX','1','1','501','[テストパターン5]','[テストパターン5]','[テストパターン5]','dummy_extends_parameter_4','[テストパターン5]','[テストパターン5]','web受注注文番号2','RJ管理番号2','2020/10/1','解約注文番号2');
INSERT INTO CONTRACT (ID,CREATED_AT,CREATED_USER_ID,UPDATED_AT,UPDATED_USER_ID,VERSION,CONTRACT_TYPE,PRODUCT_GRP_MASTER_ID,LIFECYCLE_STATUS,WORKFLOW_STATUS,IMMUTABLE_CONT_IDENT_NUMBER,CASE_NUMBER,CASE_TITLE,CONTRACT_NUMBER,CONTRACT_BRANCH_NUMBER,CONTRACT_TITLE,ORIGIN_CONTRACT_NUMBER,ORIGIN_CONTRACT_BRANCH_NUMBER,ORIGIN_CONTRACT_ID,INTRODUCTION_PREFERRED_DATE,CHANGE_PREFERRED_DATE,CONTRACT_DATE,ACCOUNT_SALES_FLG,BILLING_DATE,SERVICE_TERM_START,SERVICE_TERM_END,CANCEL_SCHEDULED_DATE,ESTIMATION_NUMBER,ESTIMATION_BRANCH_NUMBER,ESTIMATION_ID,ESTIMATION_TITLE,COMMERCIAL_FLOW_DIV,ISSUE_FORMAT,BILLING_CUSTOMER_SP_CODE,BILLING_CUSTOMER_SP_NAME,PAYMENT_TERMS,PAYMENT_METHOD,EXTENDS_PARAMETER,CANCEL_REASON,CANCEL_REASON_ETC,WEB_ORDER_NUMBER,RJ_MANAGE_NUMBER,BILLING_START_DATE,CANCEL_ORDER_NO) VALUES (6,'2018/09/19 12:09:10','COTOS','2018/09/19 12:09:10','COTOS',1,'3',4,'1','1','5','[テストパターン5]見積→契約⇒手配まで　商品MIX','[テストパターン5]見積→契約⇒手配まで　商品MIX','CC2018091900601',1,'[テストパターン5]見積→契約⇒手配まで　商品MIX','CC2018091900601',1,1,'2018/10/1','2019/11/30','2018/9/19',0,'2018/11/1','2018/10/1','2020/10/1','2020/10/1','CE2018091900501',1,5,'[テストパターン5]見積→契約⇒手配まで　商品MIX','1','1','501','[テストパターン5]','[テストパターン5]','[テストパターン5]','dummy_extends_parameter_4','[テストパターン5]','[テストパターン5]','web受注注文番号2','RJ管理番号2','2020/10/1','解約注文番号2');
INSERT INTO PRODUCT_CONTRACT (ID,CREATED_AT,CREATED_USER_ID,UPDATED_AT,UPDATED_USER_ID,VERSION,PRODUCT_MASTER_ID,PRODUCT_CONTRACT_NAME,REP_ITEM_MASTER_ID,SERVICE_IDENT_NUMBER,CONTRACT_ID,EXTENDS_PARAMETER) VALUES (401,'2018/09/19 12:09:10','COTOS','2018/09/19 12:09:10','COTOS',1,3,'クラウドサービス for Ｏｆｆｉｃｅ３６５',011,'CS2018091900401',4,'dummy_extends_parameter_401');
INSERT INTO PRODUCT_CONTRACT (ID,CREATED_AT,CREATED_USER_ID,UPDATED_AT,UPDATED_USER_ID,VERSION,PRODUCT_MASTER_ID,PRODUCT_CONTRACT_NAME,REP_ITEM_MASTER_ID,SERVICE_IDENT_NUMBER,CONTRACT_ID,EXTENDS_PARAMETER) VALUES (501,'2018/09/19 12:09:10','COTOS','2018/09/19 12:09:10','COTOS',1,1,'ＮＥＴＢｅｇｉｎ　ＢＢパック　Ｓｅｌｅｃｔ/ネットワークセキュリティパック',000,'CS2018091900501',5,'dummy_extends_parameter_501');
INSERT INTO PRODUCT_CONTRACT (ID,CREATED_AT,CREATED_USER_ID,UPDATED_AT,UPDATED_USER_ID,VERSION,PRODUCT_MASTER_ID,PRODUCT_CONTRACT_NAME,REP_ITEM_MASTER_ID,SERVICE_IDENT_NUMBER,CONTRACT_ID,EXTENDS_PARAMETER) VALUES (502,'2018/09/19 12:09:10','COTOS','2018/09/19 12:09:10','COTOS',1,3,'クラウドサービス for Ｏｆｆｉｃｅ３６５',011,'CS2018091900502',5,'dummy_extends_parameter_502');
INSERT INTO CONTRACT_DETAIL (ID,CREATED_AT,CREATED_USER_ID,UPDATED_AT,UPDATED_USER_ID,VERSION,CONTRACT_ID,STATE,QUANTITY,AMOUNT_SUMMARY,DETAIL_ABSTRACT,EXTENDS_PARAMETER) VALUES (401,'2018/09/19 12:09:10','COTOS','2018/09/19 12:09:10','COTOS',1,4,'1',1,1020,'dummy_detail_abstract_401','dummy_extends_parameter_401');
INSERT INTO CONTRACT_DETAIL (ID,CREATED_AT,CREATED_USER_ID,UPDATED_AT,UPDATED_USER_ID,VERSION,CONTRACT_ID,STATE,QUANTITY,AMOUNT_SUMMARY,DETAIL_ABSTRACT,EXTENDS_PARAMETER) VALUES (402,'2018/09/19 12:09:10','COTOS','2018/09/19 12:09:10','COTOS',1,4,'1',2,2340,'dummy_detail_abstract_402','dummy_extends_parameter_402');
INSERT INTO CONTRACT_DETAIL (ID,CREATED_AT,CREATED_USER_ID,UPDATED_AT,UPDATED_USER_ID,VERSION,CONTRACT_ID,STATE,QUANTITY,AMOUNT_SUMMARY,DETAIL_ABSTRACT,EXTENDS_PARAMETER) VALUES (501,'2018/09/19 12:09:10','COTOS','2018/09/19 12:09:10','COTOS',1,5,'1',10,474320,'dummy_detail_abstract_501','dummy_extends_parameter_501');
INSERT INTO CONTRACT_DETAIL (ID,CREATED_AT,CREATED_USER_ID,UPDATED_AT,UPDATED_USER_ID,VERSION,CONTRACT_ID,STATE,QUANTITY,AMOUNT_SUMMARY,DETAIL_ABSTRACT,EXTENDS_PARAMETER) VALUES (502,'2018/09/19 12:09:10','COTOS','2018/09/19 12:09:10','COTOS',1,5,'1',100,42900,'dummy_detail_abstract_502','dummy_extends_parameter_502');
INSERT INTO ITEM_CONTRACT (ID,CREATED_AT,CREATED_USER_ID,UPDATED_AT,UPDATED_USER_ID,VERSION,ITEM_MASTER_ID,PRODUCT_MASTER_ID,ITEM_CONTRACT_NAME,RICOH_ITEM_CODE,ITEM_TYPE,COST_TYPE,PARTITION_PRICE,CONTRACT_DETAIL_ID,bp_cd,r_cost,rj_purchase_price,rj_dividing_price,mother_store_price,tax_flag) VALUES (401,'2018/09/19 12:09:10','COTOS','2018/09/19 12:09:10','COTOS',1,363,3,'Office365 P2 ｼｮｹﾞﾂ','FB4901','0','1',1020,401,'123456',1010.10,2020.20,3030.30,4040.40,0);
INSERT INTO ITEM_CONTRACT (ID,CREATED_AT,CREATED_USER_ID,UPDATED_AT,UPDATED_USER_ID,VERSION,ITEM_MASTER_ID,PRODUCT_MASTER_ID,ITEM_CONTRACT_NAME,RICOH_ITEM_CODE,ITEM_TYPE,COST_TYPE,PARTITION_PRICE,CONTRACT_DETAIL_ID,bp_cd,r_cost,rj_purchase_price,rj_dividing_price,mother_store_price,tax_flag) VALUES (402,'2018/09/19 12:09:10','COTOS','2018/09/19 12:09:10','COTOS',1,387,3,'ｸﾗｳﾄﾞｻｰﾋﾞｽFOROFFICE365 ｵﾌﾟｼｮﾝ JPﾄﾞﾒｲﾝｶﾝﾘ','FB4845','0','2',1170,402,'123456',1010.10,2020.20,3030.30,4040.40,0);
INSERT INTO ITEM_CONTRACT (ID,CREATED_AT,CREATED_USER_ID,UPDATED_AT,UPDATED_USER_ID,VERSION,ITEM_MASTER_ID,PRODUCT_MASTER_ID,ITEM_CONTRACT_NAME,RICOH_ITEM_CODE,ITEM_TYPE,COST_TYPE,PARTITION_PRICE,CONTRACT_DETAIL_ID,bp_cd,r_cost,rj_purchase_price,rj_dividing_price,mother_store_price,tax_flag) VALUES (501,'2018/09/19 12:09:10','COTOS','2018/09/19 12:09:10','COTOS',1,21,1,'BBﾊﾟｯｸｾﾚｸﾄ ｱﾄﾞﾊﾞﾝｽ-4+R ｼｮｷﾋ','CP6083','1','1',47432,501,'123456',1010.10,2020.20,3030.30,4040.40,0);
INSERT INTO ITEM_CONTRACT (ID,CREATED_AT,CREATED_USER_ID,UPDATED_AT,UPDATED_USER_ID,VERSION,ITEM_MASTER_ID,PRODUCT_MASTER_ID,ITEM_CONTRACT_NAME,RICOH_ITEM_CODE,ITEM_TYPE,COST_TYPE,PARTITION_PRICE,CONTRACT_DETAIL_ID,bp_cd,r_cost,rj_purchase_price,rj_dividing_price,mother_store_price,tax_flag) VALUES (502,'2018/09/19 12:09:10','COTOS','2018/09/19 12:09:10','COTOS',1,362,3,'Office365 P1 ｼｮｹﾞﾂ','FB4900','0','1',429,502,'123456',1010.10,2020.20,3030.30,4040.40,0);
INSERT INTO CONTRACT_CHECK_RESULT (ID,CREATED_AT,CREATED_USER_ID,UPDATED_AT,UPDATED_USER_ID,VERSION,CONTRACT_ID,TARGET_LIFECYCLE_STATUS,CHECK_MATTER_CODE,CHECK_MATTER_TEXT,DISPLAY_ORDER,CHECKED_USER_ID,CHECKED_USER_NAME,CHECKED_ORG_NAME,CHECKED_AT) VALUES (401,'2018/09/19 12:09:10','COTOS','2018/09/19 12:09:10','COTOS',1,4,'1','TEST_11','テストチェック事項１１',1,'dummy_checked_user_id_401','dummy_checked_user_name_401','dummy_checked_org_name_401','2018/09/19 12:09:10');
INSERT INTO CONTRACT_CHECK_RESULT (ID,CREATED_AT,CREATED_USER_ID,UPDATED_AT,UPDATED_USER_ID,VERSION,CONTRACT_ID,TARGET_LIFECYCLE_STATUS,CHECK_MATTER_CODE,CHECK_MATTER_TEXT,DISPLAY_ORDER,CHECKED_USER_ID,CHECKED_USER_NAME,CHECKED_ORG_NAME,CHECKED_AT) VALUES (402,'2018/09/19 12:09:10','COTOS','2018/09/19 12:09:10','COTOS',1,4,'1','TEST_12','テストチェック事項１２',2,'dummy_checked_user_id_402','dummy_checked_user_name_402','dummy_checked_org_name_402','2018/09/19 12:09:10');
INSERT INTO CONTRACT_CHECK_RESULT (ID,CREATED_AT,CREATED_USER_ID,UPDATED_AT,UPDATED_USER_ID,VERSION,CONTRACT_ID,TARGET_LIFECYCLE_STATUS,CHECK_MATTER_CODE,CHECK_MATTER_TEXT,DISPLAY_ORDER,CHECKED_USER_ID,CHECKED_USER_NAME,CHECKED_ORG_NAME,CHECKED_AT) VALUES (501,'2018/09/19 12:09:10','COTOS','2018/09/19 12:09:10','COTOS',1,5,'1','TEST_7','テストチェック事項７',1,'dummy_checked_user_id501','dummy_checked_user_name501','dummy_checked_org_name501','2018/09/19 12:09:10');
INSERT INTO CONTRACT_CHECK_RESULT (ID,CREATED_AT,CREATED_USER_ID,UPDATED_AT,UPDATED_USER_ID,VERSION,CONTRACT_ID,TARGET_LIFECYCLE_STATUS,CHECK_MATTER_CODE,CHECK_MATTER_TEXT,DISPLAY_ORDER,CHECKED_USER_ID,CHECKED_USER_NAME,CHECKED_ORG_NAME,CHECKED_AT) VALUES (502,'2018/09/19 12:09:10','COTOS','2018/09/19 12:09:10','COTOS',1,5,'1','TEST_8','テストチェック事項８',2,'dummy_checked_user_id502','dummy_checked_user_name502','dummy_checked_org_name502','2018/09/19 12:09:10');
INSERT INTO CONTRACT_CHECK_RESULT (ID,CREATED_AT,CREATED_USER_ID,UPDATED_AT,UPDATED_USER_ID,VERSION,CONTRACT_ID,TARGET_LIFECYCLE_STATUS,CHECK_MATTER_CODE,CHECK_MATTER_TEXT,DISPLAY_ORDER,CHECKED_USER_ID,CHECKED_USER_NAME,CHECKED_ORG_NAME,CHECKED_AT) VALUES (503,'2018/09/19 12:09:10','COTOS','2018/09/19 12:09:10','COTOS',1,5,'1','TEST_11','テストチェック事項１１',1,'dummy_checked_user_id503','dummy_checked_user_name503','dummy_checked_org_name503','2018/09/19 12:09:10');
INSERT INTO CONTRACT_CHECK_RESULT (ID,CREATED_AT,CREATED_USER_ID,UPDATED_AT,UPDATED_USER_ID,VERSION,CONTRACT_ID,TARGET_LIFECYCLE_STATUS,CHECK_MATTER_CODE,CHECK_MATTER_TEXT,DISPLAY_ORDER,CHECKED_USER_ID,CHECKED_USER_NAME,CHECKED_ORG_NAME,CHECKED_AT) VALUES (504,'2018/09/19 12:09:10','COTOS','2018/09/19 12:09:10','COTOS',1,5,'1','TEST_12','テストチェック事項１２',2,'dummy_checked_user_id504','dummy_checked_user_name504','dummy_checked_org_name504','2018/09/19 12:09:10');
INSERT INTO CONTRACT_APPROVAL_ROUTE (ID,CREATED_AT,CREATED_USER_ID,UPDATED_AT,UPDATED_USER_ID,VERSION,CONTRACT_ID,TARGET_LIFECYCLE_STATUS,APPROVAL_REQUESTER_EMP_ID,APPROVAL_REQUESTER_NAME,APPROVAL_REQUESTER_ORG_NAME,SPECIAL_PRICE_APPROVAL_FLG) VALUES (401,'2018/09/19 12:09:10','COTOS','2018/09/19 12:09:10','COTOS',1,4,'4','00808347','[テストパターン4]承認者１','[テストパターン4]組織１',0);
INSERT INTO CONTRACT_APPROVAL_ROUTE (ID,CREATED_AT,CREATED_USER_ID,UPDATED_AT,UPDATED_USER_ID,VERSION,CONTRACT_ID,TARGET_LIFECYCLE_STATUS,APPROVAL_REQUESTER_EMP_ID,APPROVAL_REQUESTER_NAME,APPROVAL_REQUESTER_ORG_NAME,SPECIAL_PRICE_APPROVAL_FLG) VALUES (402,'2018/09/19 12:09:10','COTOS','2018/09/19 12:09:10','COTOS',1,4,'5','01195538','[テストパターン4]承認者２','[テストパターン4]組織２',0);
INSERT INTO CONTRACT_APPROVAL_ROUTE (ID,CREATED_AT,CREATED_USER_ID,UPDATED_AT,UPDATED_USER_ID,VERSION,CONTRACT_ID,TARGET_LIFECYCLE_STATUS,APPROVAL_REQUESTER_EMP_ID,APPROVAL_REQUESTER_NAME,APPROVAL_REQUESTER_ORG_NAME,SPECIAL_PRICE_APPROVAL_FLG) VALUES (501,'2018/09/20','COTOS','2018/09/20','COTOS',1,5,'2','00808347','[テストパターン5]承認者１','[テストパターン5]組織１',0);
INSERT INTO CONTRACT_APPROVAL_ROUTE (ID,CREATED_AT,CREATED_USER_ID,UPDATED_AT,UPDATED_USER_ID,VERSION,CONTRACT_ID,TARGET_LIFECYCLE_STATUS,APPROVAL_REQUESTER_EMP_ID,APPROVAL_REQUESTER_NAME,APPROVAL_REQUESTER_ORG_NAME,SPECIAL_PRICE_APPROVAL_FLG) VALUES (502,'2018/09/20','COTOS','2018/09/20','COTOS',1,5,'2','01195538','[テストパターン5]承認者２','[テストパターン5]組織２',0);
INSERT INTO CONTRACT_APPROVAL_ROUTE_NODE (ID,CREATED_AT,CREATED_USER_ID,UPDATED_AT,UPDATED_USER_ID,VERSION,CONTRACT_APPROVAL_ROUTE_ID,APPROVAL_ORDER,APPROVER_ORG_LEVEL,APPROVER_EMP_ID,APPROVER_NAME,APPROVER_ORG_NAME,SUB_APPROVER_EMP_ID,SUB_APPROVER_NAME,SUB_APPROVER_ORG_NAME) VALUES (401,'2018/09/19 12:09:10','COTOS','2018/09/19 12:09:10','COTOS',1,401,1,1,'00808347','[テストパターン4]承認者１','[テストパターン4]組織１','00465984','[テストパターン4]代理承認者１','[テストパターン4]代理組織１');
INSERT INTO CONTRACT_APPROVAL_ROUTE_NODE (ID,CREATED_AT,CREATED_USER_ID,UPDATED_AT,UPDATED_USER_ID,VERSION,CONTRACT_APPROVAL_ROUTE_ID,APPROVAL_ORDER,APPROVER_ORG_LEVEL,APPROVER_EMP_ID,APPROVER_NAME,APPROVER_ORG_NAME,SUB_APPROVER_EMP_ID,SUB_APPROVER_NAME,SUB_APPROVER_ORG_NAME) VALUES (402,'2018/09/19 12:09:10','COTOS','2018/09/19 12:09:10','COTOS',1,402,2,1,'01195538','[テストパターン4]承認者２','[テストパターン4]組織２','00935791','[テストパターン4]代理承認者２','[テストパターン4]代理組織２');
INSERT INTO CONTRACT_APPROVAL_ROUTE_NODE (ID,CREATED_AT,CREATED_USER_ID,UPDATED_AT,UPDATED_USER_ID,VERSION,CONTRACT_APPROVAL_ROUTE_ID,APPROVAL_ORDER,APPROVER_ORG_LEVEL,APPROVER_EMP_ID,APPROVER_NAME,APPROVER_ORG_NAME,SUB_APPROVER_EMP_ID,SUB_APPROVER_NAME,SUB_APPROVER_ORG_NAME) VALUES (501,'2018/09/20','COTOS','2018/09/20','COTOS',1,501,1,1,'00808347','[テストパターン5]承認者１','[テストパターン5]組織１','00465984','[テストパターン5]代理承認者１','[テストパターン5]代理組織１');
INSERT INTO CONTRACT_APPROVAL_ROUTE_NODE (ID,CREATED_AT,CREATED_USER_ID,UPDATED_AT,UPDATED_USER_ID,VERSION,CONTRACT_APPROVAL_ROUTE_ID,APPROVAL_ORDER,APPROVER_ORG_LEVEL,APPROVER_EMP_ID,APPROVER_NAME,APPROVER_ORG_NAME,SUB_APPROVER_EMP_ID,SUB_APPROVER_NAME,SUB_APPROVER_ORG_NAME) VALUES (502,'2018/09/20','COTOS','2018/09/20','COTOS',1,502,2,1,'01195538','[テストパターン5]承認者２','[テストパターン5]組織２','00935791','[テストパターン5]代理承認者２','[テストパターン5]代理組織２');
INSERT INTO CONTRACT_APPROVAL_RESULT (ID,CREATED_AT,CREATED_USER_ID,UPDATED_AT,UPDATED_USER_ID,VERSION,CONTRACT_APPROVAL_ROUTE_ID,CONTRACT_APPROVAL_ROUTE_NODE_ID,APPROVAL_PROCESS_CATEGORY,ACTUAL_EMP_ID,ACTUAL_USER_NAME,ACTUAL_ORG_NAME,REQUEST_COMMENT,PROCESSED_AT) VALUES (401,'2018/09/19 12:09:10','COTOS','2018/09/19 12:09:10','COTOS',1,401,401,'3','00808347','[テストパターン4]承認者１','[テストパターン4]組織１','承認401','2018/09/19');
INSERT INTO CONTRACT_APPROVAL_RESULT (ID,CREATED_AT,CREATED_USER_ID,UPDATED_AT,UPDATED_USER_ID,VERSION,CONTRACT_APPROVAL_ROUTE_ID,CONTRACT_APPROVAL_ROUTE_NODE_ID,APPROVAL_PROCESS_CATEGORY,ACTUAL_EMP_ID,ACTUAL_USER_NAME,ACTUAL_ORG_NAME,REQUEST_COMMENT,PROCESSED_AT) VALUES (402,'2018/09/19 12:09:10','COTOS','2018/09/19 12:09:10','COTOS',1,402,402,'3','01195538','[テストパターン4]承認者２','[テストパターン4]組織２','承認402','2018/09/20');
INSERT INTO CONTRACT_APPROVAL_RESULT (ID,CREATED_AT,CREATED_USER_ID,UPDATED_AT,UPDATED_USER_ID,VERSION,CONTRACT_APPROVAL_ROUTE_ID,CONTRACT_APPROVAL_ROUTE_NODE_ID,APPROVAL_PROCESS_CATEGORY,ACTUAL_EMP_ID,ACTUAL_USER_NAME,ACTUAL_ORG_NAME,REQUEST_COMMENT,PROCESSED_AT) VALUES (501,'2018/09/20','COTOS','2018/09/20','COTOS',1,501,501,'3','00808347','[テストパターン5]承認者１','[テストパターン5]組織１','承認501','2018/09/21');
INSERT INTO CONTRACT_APPROVAL_RESULT (ID,CREATED_AT,CREATED_USER_ID,UPDATED_AT,UPDATED_USER_ID,VERSION,CONTRACT_APPROVAL_ROUTE_ID,CONTRACT_APPROVAL_ROUTE_NODE_ID,APPROVAL_PROCESS_CATEGORY,ACTUAL_EMP_ID,ACTUAL_USER_NAME,ACTUAL_ORG_NAME,REQUEST_COMMENT,PROCESSED_AT) VALUES (502,'2018/09/20','COTOS','2018/09/20','COTOS',1,502,502,'3','01195538','[テストパターン5]承認者２','[テストパターン5]組織２','承認502','2018/09/22');
INSERT INTO CONTRACT_ATTACHED_FILE (ID,CREATED_AT,CREATED_USER_ID,UPDATED_AT,UPDATED_USER_ID,VERSION,CONTRACT_ID,FILE_NAME,FILE_KIND,ATTACHED_FILE_ID,ATTACHED_COMMENT,ATTACHED_EMP_ID,ATTACHED_EMP_NAME,ATTACHED_ORG_NAME,ATTACHED_AT) VALUES (401,'2018/09/19 12:09:10','COTOS','2018/09/19 12:09:10','COTOS',1,4,'契約添付ファイル_1','契約添付ファイル種類_1',1,'dummy_attached_comment_401','00465984','[テストパターン4]代理承認者１','[テストパターン4]代理組織１','2018/09/19 12:09:10');
INSERT INTO CONTRACT_ATTACHED_FILE (ID,CREATED_AT,CREATED_USER_ID,UPDATED_AT,UPDATED_USER_ID,VERSION,CONTRACT_ID,FILE_NAME,FILE_KIND,ATTACHED_FILE_ID,ATTACHED_COMMENT,ATTACHED_EMP_ID,ATTACHED_EMP_NAME,ATTACHED_ORG_NAME,ATTACHED_AT) VALUES (402,'2018/09/19 12:09:10','COTOS','2018/09/19 12:09:10','COTOS',1,4,'契約添付ファイル_2','契約添付ファイル種類_2',2,'dummy_attached_comment_402','00935791','[テストパターン4]代理承認者２','[テストパターン4]代理組織２','2018/09/19 12:09:10');
INSERT INTO CONTRACT_ATTACHED_FILE (ID,CREATED_AT,CREATED_USER_ID,UPDATED_AT,UPDATED_USER_ID,VERSION,CONTRACT_ID,FILE_NAME,FILE_KIND,ATTACHED_FILE_ID,ATTACHED_COMMENT,ATTACHED_EMP_ID,ATTACHED_EMP_NAME,ATTACHED_ORG_NAME,ATTACHED_AT) VALUES (501,'2018/09/19 12:09:10','COTOS','2018/09/19 12:09:10','COTOS',1,5,'契約添付ファイル_1','契約添付ファイル種類_1',1,'dummy_attached_comment_501','00465984','[テストパターン4]代理承認者１','[テストパターン4]代理組織１','2018/09/19 12:09:10');
INSERT INTO CONTRACT_ATTACHED_FILE (ID,CREATED_AT,CREATED_USER_ID,UPDATED_AT,UPDATED_USER_ID,VERSION,CONTRACT_ID,FILE_NAME,FILE_KIND,ATTACHED_FILE_ID,ATTACHED_COMMENT,ATTACHED_EMP_ID,ATTACHED_EMP_NAME,ATTACHED_ORG_NAME,ATTACHED_AT) VALUES (502,'2018/09/19 12:09:10','COTOS','2018/09/19 12:09:10','COTOS',1,5,'契約添付ファイル_2','契約添付ファイル種類_2',2,'dummy_attached_comment_502','00935791','[テストパターン4]代理承認者２','[テストパターン4]代理組織２','2018/09/19 12:09:10');
INSERT INTO CONTRACT_PIC_SA_EMP (ID,CREATED_AT,CREATED_USER_ID,UPDATED_AT,UPDATED_USER_ID,VERSION,MOM_EMPLOYEE_ID,MOM_ORG_ID,ORG_HIERARCHY_LEVEL,ORG_NAME,SALES_COMPANY_NAME,ORG_PHONE_NUMBER,EMPLOYEE_NAME,SALES_DEPARTMENT_NAME,POST_NUMBER,ADDRESS,PHONE_NUMBER,FAX_NUMBER,MAIL_ADDRESS,CONTRACT_ID,EXTENDS_PARAMETER) VALUES (401,'2018/09/19 12:09:10','COTOS','2018/09/19 12:09:10','COTOS',1,'00465984','dummy_mom_org_id_401',1,'dummy_org_name_401','dummy_sales_company_name_401','dummy_org_phone_number_401','dummy_employee_name_401','dummy_sales_department_name_401','dummy_post_number_401','dummy_address_401','dummy_phone_number_401','dummy_fax_number_401','dummy_mail_address_401',4,'{"branchCustoemrCd":"101"}');
INSERT INTO CONTRACT_PIC_SA_EMP (ID,CREATED_AT,CREATED_USER_ID,UPDATED_AT,UPDATED_USER_ID,VERSION,MOM_EMPLOYEE_ID,MOM_ORG_ID,ORG_HIERARCHY_LEVEL,ORG_NAME,SALES_COMPANY_NAME,ORG_PHONE_NUMBER,EMPLOYEE_NAME,SALES_DEPARTMENT_NAME,POST_NUMBER,ADDRESS,PHONE_NUMBER,FAX_NUMBER,MAIL_ADDRESS,CONTRACT_ID,EXTENDS_PARAMETER) VALUES (501,'2018/09/19 12:09:10','COTOS','2018/09/19 12:09:10','COTOS',1,'00935791','dummy_mom_org_id_501',1,'dummy_org_name_501','dummy_sales_company_name_501','dummy_org_phone_number_501','dummy_employee_name_501','dummy_sales_department_name_501','dummy_post_number_501','dummy_address_501','dummy_phone_number_501','dummy_fax_number_501','dummy_mail_address_501',5,'{"branchCustoemrCd":"101"}');
INSERT INTO CONTRACT_ADDED_EDITOR_EMP (ID,CREATED_AT,CREATED_USER_ID,UPDATED_AT,UPDATED_USER_ID,VERSION,MOM_EMPLOYEE_ID,MOM_ORG_ID,ORG_HIERARCHY_LEVEL,ORG_NAME,SALES_COMPANY_NAME,ORG_PHONE_NUMBER,EMPLOYEE_NAME,SALES_DEPARTMENT_NAME,POST_NUMBER,ADDRESS,PHONE_NUMBER,FAX_NUMBER,MAIL_ADDRESS,CONTRACT_ID) VALUES (401,'2018/09/19 12:09:10','COTOS','2018/09/19 12:09:10','COTOS',1,'00465984','[テストパターン4]代理承認者１',1,'dummy_org_name_401','dummy_sales_company_name_401','dummy_org_phone_number_401','dummy_employee_name_401','dummy_sales_department_name_401','dummy_post_number_401','dummy_address_401','dummy_phone_number_401','dummy_fax_number_401','dummy_mail_address_401',4);
INSERT INTO CONTRACT_ADDED_EDITOR_EMP (ID,CREATED_AT,CREATED_USER_ID,UPDATED_AT,UPDATED_USER_ID,VERSION,MOM_EMPLOYEE_ID,MOM_ORG_ID,ORG_HIERARCHY_LEVEL,ORG_NAME,SALES_COMPANY_NAME,ORG_PHONE_NUMBER,EMPLOYEE_NAME,SALES_DEPARTMENT_NAME,POST_NUMBER,ADDRESS,PHONE_NUMBER,FAX_NUMBER,MAIL_ADDRESS,CONTRACT_ID) VALUES (402,'2018/09/19 12:09:10','COTOS','2018/09/19 12:09:10','COTOS',1,'00935791','[テストパターン4]代理承認者２',1,'dummy_org_name_402','dummy_sales_company_name_402','dummy_org_phone_number_402','dummy_employee_name_402','dummy_sales_department_name_402','dummy_post_number_402','dummy_address_402','dummy_phone_number_402','dummy_fax_number_402','dummy_mail_address_402',4);
INSERT INTO CONTRACT_ADDED_EDITOR_EMP (ID,CREATED_AT,CREATED_USER_ID,UPDATED_AT,UPDATED_USER_ID,VERSION,MOM_EMPLOYEE_ID,MOM_ORG_ID,ORG_HIERARCHY_LEVEL,ORG_NAME,SALES_COMPANY_NAME,ORG_PHONE_NUMBER,EMPLOYEE_NAME,SALES_DEPARTMENT_NAME,POST_NUMBER,ADDRESS,PHONE_NUMBER,FAX_NUMBER,MAIL_ADDRESS,CONTRACT_ID) VALUES (501,'2018/09/19 12:09:10','COTOS','2018/09/19 12:09:10','COTOS',1,'00465984','[テストパターン4]代理承認者１',1,'dummy_org_name_501','dummy_sales_company_name_501','dummy_org_phone_number_501','dummy_employee_name_501','dummy_sales_department_name_501','dummy_post_number_501','dummy_address_501','dummy_phone_number_501','dummy_fax_number_501','dummy_mail_address_501',5);
INSERT INTO CONTRACT_ADDED_EDITOR_EMP (ID,CREATED_AT,CREATED_USER_ID,UPDATED_AT,UPDATED_USER_ID,VERSION,MOM_EMPLOYEE_ID,MOM_ORG_ID,ORG_HIERARCHY_LEVEL,ORG_NAME,SALES_COMPANY_NAME,ORG_PHONE_NUMBER,EMPLOYEE_NAME,SALES_DEPARTMENT_NAME,POST_NUMBER,ADDRESS,PHONE_NUMBER,FAX_NUMBER,MAIL_ADDRESS,CONTRACT_ID) VALUES (502,'2018/09/19 12:09:10','COTOS','2018/09/19 12:09:10','COTOS',1,'00935791','[テストパターン4]代理承認者２',1,'dummy_org_name_502','dummy_sales_company_name_502','dummy_org_phone_number_502','dummy_employee_name_502','dummy_sales_department_name_502','dummy_post_number_502','dummy_address_502','dummy_phone_number_502','dummy_fax_number_502','dummy_mail_address_502',5);
INSERT INTO CUSTOMER_CONTRACT (ID,CREATED_AT,CREATED_USER_ID,UPDATED_AT,UPDATED_USER_ID,VERSION,MOM_KJB_SYSTEM_ID,MOM_CUST_ID,COMPANY_ID,OFFICE_ID,DEPARTMENT_DIV,CUSTOMER_NAME,COMPANY_NAME,COMPANY_NAME_KANA,OFFICE_NAME,DEPARTMENT_NAME,POST_NUMBER,ADDRESS,PHONE_NUMBER,FAX_NUMBER,COMPANY_REPRESENTATIVE_NAME,COMPANY_REPRESENTATIVE_NAME_KANA,PIC_NAME,PIC_NAME_KANA,PIC_DEPT_NAME,PIC_PHONE_NUMBER,PIC_FAX_NUMBER,PIC_MAIL_ADDRESS,CONTRACT_ID,netricoh_account,setup_corp_nm,setup_post_cd,setup_addr,setup_tel) VALUES (401,'2018/09/19 12:09:10','COTOS','2018/09/19 12:09:10','COTOS',1,'000000003985825','000000002773772','000000002033411','000000001269962','2','dummy_customer_name_401','dummy_company_name_401','dummy_company_name_kana_401','dummy_office_name_401','dummy_department_name_401','dummy_post_number_401','dummy_address_401','dummy_phone_number_401','dummy_fax_number_401','dummy_company_representative_name_401','dummy_company_representative_name_kana_401','dummy_pic_name_401','dummy_pic_name_kana_401','dummy_pic_dept_name_401','dummy_pic_phone_number_401','dummy_pic_fax_number_401','dummy_pic_mail_address_401',4,'1234','設置先名','000-0000','設置先住所','00-0000-0000');
INSERT INTO CUSTOMER_CONTRACT (ID,CREATED_AT,CREATED_USER_ID,UPDATED_AT,UPDATED_USER_ID,VERSION,MOM_KJB_SYSTEM_ID,MOM_CUST_ID,COMPANY_ID,OFFICE_ID,DEPARTMENT_DIV,CUSTOMER_NAME,COMPANY_NAME,COMPANY_NAME_KANA,OFFICE_NAME,DEPARTMENT_NAME,POST_NUMBER,ADDRESS,PHONE_NUMBER,FAX_NUMBER,COMPANY_REPRESENTATIVE_NAME,COMPANY_REPRESENTATIVE_NAME_KANA,PIC_NAME,PIC_NAME_KANA,PIC_DEPT_NAME,PIC_PHONE_NUMBER,PIC_FAX_NUMBER,PIC_MAIL_ADDRESS,CONTRACT_ID,netricoh_account,setup_corp_nm,setup_post_cd,setup_addr,setup_tel) VALUES (501,'2018/09/19 12:09:10','COTOS','2018/09/19 12:09:10','COTOS',1,'000000003321099','000000002138176','000000000705467','000000001034118','2','dummy_customer_name_501','dummy_company_name_501','dummy_company_name_kana_501','dummy_office_name_501','dummy_department_name_501','dummy_post_number_501','dummy_address_501','dummy_phone_number_501','dummy_fax_number_501','dummy_company_representative_name_501','dummy_company_representative_name_kana_501','dummy_pic_name_501','dummy_pic_name_kana_501','dummy_pic_dept_name_501','dummy_pic_phone_number_501','dummy_pic_fax_number_501','dummy_pic_mail_address_501',5,'1234','設置先名','000-0000','設置先住所','00-0000-0000');
INSERT INTO DEALER_CONTRACT (ID,CREATED_AT,CREATED_USER_ID,UPDATED_AT,UPDATED_USER_ID,VERSION,MOM_KJB_SYSTEM_ID,DEALER_NAME,POST_NUMBER,ADDRESS,ORG_PHONE_NUMBER,PIC_NAME,PIC_DEPT_NAME,PIC_PHONE_NUMBER,PIC_FAX_NUMBER,CONTRACT_ID,DEALER_FLOW_ORDER,DISTRIBUTOR_CD,OE_DELIVERY_CD,DISTRIBUTOR_EMPLOYEE_MAIL_ADDRESS,RINGS_CUSTOMER_CD,DISTRIBUTOR_RTC_CD,DISTRIBUTOR_MOM_CMP_ID,DISTRIBUTOR_MOM_SHIKI_CD,DISTRIBUTOR_MOM_SOSHIKI_ID,DISTRIBUTOR_MOM_DEPO_CD,ORB_SEND_SITE_ID) VALUES (401,'2018/09/19 12:09:10','COTOS','2018/09/19 12:09:10','COTOS',1,'000000003064816','dummy_dealer_name_401','dummy_post_number_401','dummy_address_401','dummy_org_phone_number_401','dummy_pic_name_401','dummy_pic_dept_name_401','dummy_pic_phone_number_401','dummy_pic_fax_number_401',4,1,'dummy_distributor_cd_401','dummy_oe_delivery_cd_401','dummy_distributor_employee_mail_address_401','dummy_rings_customer_cd_401','dummy_distributor_rtc_cd_401','dummy_distributor_mom_cmp_id_401','dummy_distributor_mom_shiki_cd_401','dummy_distributor_mom_soshiki_id_401','dummy_distributor_mom_depo_cd_401','dummy_orb_send_site_id_401');
INSERT INTO DEALER_CONTRACT (ID,CREATED_AT,CREATED_USER_ID,UPDATED_AT,UPDATED_USER_ID,VERSION,MOM_KJB_SYSTEM_ID,DEALER_NAME,POST_NUMBER,ADDRESS,ORG_PHONE_NUMBER,PIC_NAME,PIC_DEPT_NAME,PIC_PHONE_NUMBER,PIC_FAX_NUMBER,CONTRACT_ID,DEALER_FLOW_ORDER,DISTRIBUTOR_CD,OE_DELIVERY_CD,DISTRIBUTOR_EMPLOYEE_MAIL_ADDRESS,RINGS_CUSTOMER_CD,DISTRIBUTOR_RTC_CD,DISTRIBUTOR_MOM_CMP_ID,DISTRIBUTOR_MOM_SHIKI_CD,DISTRIBUTOR_MOM_SOSHIKI_ID,DISTRIBUTOR_MOM_DEPO_CD,ORB_SEND_SITE_ID) VALUES (402,'2018/09/19 12:09:10','COTOS','2018/09/19 12:09:10','COTOS',1,'000000003064816','dummy_dealer_name_402','dummy_post_number_402','dummy_address_402','dummy_org_phone_number_402','dummy_pic_name_402','dummy_pic_dept_name_402','dummy_pic_phone_number_402','dummy_pic_fax_number_402',4,2,'dummy_distributor_cd_402','dummy_oe_delivery_cd_402','dummy_distributor_employee_mail_address_402','dummy_rings_customer_cd_402','dummy_distributor_rtc_cd_402','dummy_distributor_mom_cmp_id_402','dummy_distributor_mom_shiki_cd_402','dummy_distributor_mom_soshiki_id_402','dummy_distributor_mom_depo_cd_402','dummy_orb_send_site_id_402');
INSERT INTO DEALER_CONTRACT (ID,CREATED_AT,CREATED_USER_ID,UPDATED_AT,UPDATED_USER_ID,VERSION,MOM_KJB_SYSTEM_ID,DEALER_NAME,POST_NUMBER,ADDRESS,ORG_PHONE_NUMBER,PIC_NAME,PIC_DEPT_NAME,PIC_PHONE_NUMBER,PIC_FAX_NUMBER,CONTRACT_ID,DEALER_FLOW_ORDER,DISTRIBUTOR_CD,OE_DELIVERY_CD,DISTRIBUTOR_EMPLOYEE_MAIL_ADDRESS,RINGS_CUSTOMER_CD,DISTRIBUTOR_RTC_CD,DISTRIBUTOR_MOM_CMP_ID,DISTRIBUTOR_MOM_SHIKI_CD,DISTRIBUTOR_MOM_SOSHIKI_ID,DISTRIBUTOR_MOM_DEPO_CD,ORB_SEND_SITE_ID) VALUES (501,'2018/09/19 12:09:10','COTOS','2018/09/19 12:09:10','COTOS',1,'000000003064816','dummy_dealer_name_501','dummy_post_number_501','dummy_address_501','dummy_org_phone_number_501','dummy_pic_name_501','dummy_pic_dept_name_501','dummy_pic_phone_number_501','dummy_pic_fax_number_501',5,1,'dummy_distributor_cd_501','dummy_oe_delivery_cd_501','dummy_distributor_employee_mail_address_501','dummy_rings_customer_cd_501','dummy_distributor_rtc_cd_501','dummy_distributor_mom_cmp_id_501','dummy_distributor_mom_shiki_cd_501','dummy_distributor_mom_soshiki_id_501','dummy_distributor_mom_depo_cd_501','dummy_orb_send_site_id_501');
INSERT INTO DEALER_CONTRACT (ID,CREATED_AT,CREATED_USER_ID,UPDATED_AT,UPDATED_USER_ID,VERSION,MOM_KJB_SYSTEM_ID,DEALER_NAME,POST_NUMBER,ADDRESS,ORG_PHONE_NUMBER,PIC_NAME,PIC_DEPT_NAME,PIC_PHONE_NUMBER,PIC_FAX_NUMBER,CONTRACT_ID,DEALER_FLOW_ORDER,DISTRIBUTOR_CD,OE_DELIVERY_CD,DISTRIBUTOR_EMPLOYEE_MAIL_ADDRESS,RINGS_CUSTOMER_CD,DISTRIBUTOR_RTC_CD,DISTRIBUTOR_MOM_CMP_ID,DISTRIBUTOR_MOM_SHIKI_CD,DISTRIBUTOR_MOM_SOSHIKI_ID,DISTRIBUTOR_MOM_DEPO_CD,ORB_SEND_SITE_ID) VALUES (502,'2018/09/19 12:09:10','COTOS','2018/09/19 12:09:10','COTOS',1,'000000003064816','dummy_dealer_name_502','dummy_post_number_502','dummy_address_502','dummy_org_phone_number_502','dummy_pic_name_502','dummy_pic_dept_name_502','dummy_pic_phone_number_502','dummy_pic_fax_number_502',5,3,'dummy_distributor_cd_502','dummy_oe_delivery_cd_502','dummy_distributor_employee_mail_address_502','dummy_rings_customer_cd_502','dummy_distributor_rtc_cd_502','dummy_distributor_mom_cmp_id_502','dummy_distributor_mom_shiki_cd_502','dummy_distributor_mom_soshiki_id_502','dummy_distributor_mom_depo_cd_502','dummy_orb_send_site_id_502');
INSERT INTO CONTRACT_OPERATION_LOG (ID,CREATED_AT,CREATED_USER_ID,UPDATED_AT,UPDATED_USER_ID,VERSION,CONTRACT_ID,OPERATION,OPERATOR_EMP_ID,OPERATOR_NAME,OPERATOR_ORG_NAME,OPERATED_AT) VALUES (401,'2018/09/19 12:09:10','COTOS','2018/09/19 12:09:10','COTOS',1,4,'新規作成','00465984','dummy_operator_name_401','dummy_operator_org_name_401','2018/09/19 12:09:10');
INSERT INTO CONTRACT_OPERATION_LOG (ID,CREATED_AT,CREATED_USER_ID,UPDATED_AT,UPDATED_USER_ID,VERSION,CONTRACT_ID,OPERATION,OPERATOR_EMP_ID,OPERATOR_NAME,OPERATOR_ORG_NAME,OPERATED_AT) VALUES (402,'2018/09/19 12:09:10','COTOS','2018/09/19 12:09:10','COTOS',1,4,'業務処理完了','00935791','dummy_operator_name_402','dummy_operator_org_name_402','2018/09/19 12:09:10');
INSERT INTO CONTRACT_OPERATION_LOG (ID,CREATED_AT,CREATED_USER_ID,UPDATED_AT,UPDATED_USER_ID,VERSION,CONTRACT_ID,OPERATION,OPERATOR_EMP_ID,OPERATOR_NAME,OPERATOR_ORG_NAME,OPERATED_AT) VALUES (501,'2018/09/19 12:09:10','COTOS','2018/09/19 12:09:10','COTOS',1,5,'新規作成','00465984','dummy_operator_name_501','dummy_operator_org_name_501','2018/09/19 12:09:10');
INSERT INTO CONTRACT_OPERATION_LOG (ID,CREATED_AT,CREATED_USER_ID,UPDATED_AT,UPDATED_USER_ID,VERSION,CONTRACT_ID,OPERATION,OPERATOR_EMP_ID,OPERATOR_NAME,OPERATOR_ORG_NAME,OPERATED_AT) VALUES (502,'2018/09/19 12:09:10','COTOS','2018/09/19 12:09:10','COTOS',1,5,'業務処理完了','00935791','dummy_operator_name_502','dummy_operator_org_name_502','2018/09/19 12:09:10');
INSERT INTO CONTRACT_PIC_MNT_SS_ORG (ID,CREATED_AT,CREATED_USER_ID,UPDATED_AT,UPDATED_USER_ID,VERSION,MOM_ORG_ID,SERVICE_ORG_NAME,CONTRACT_ID) VALUES (401,'2018/09/19 12:09:10','COTOS','2018/09/19 12:09:10','COTOS',1,'0299751','テスト課所1',4);
INSERT INTO CONTRACT_PIC_MNT_SS_ORG (ID,CREATED_AT,CREATED_USER_ID,UPDATED_AT,UPDATED_USER_ID,VERSION,MOM_ORG_ID,SERVICE_ORG_NAME,CONTRACT_ID) VALUES (501,'2018/09/19 12:09:10','COTOS','2018/09/19 12:09:10','COTOS',1,'0447400','テスト課所2',5);
INSERT INTO CONTRACT_PIC_CE_EMP (ID,CREATED_AT,CREATED_USER_ID,UPDATED_AT,UPDATED_USER_ID,VERSION,MOM_EMPLOYEE_ID,MOM_ORG_ID,ORG_HIERARCHY_LEVEL,ORG_NAME,SALES_COMPANY_NAME,ORG_PHONE_NUMBER,EMPLOYEE_NAME,SALES_DEPARTMENT_NAME,POST_NUMBER,ADDRESS,PHONE_NUMBER,FAX_NUMBER,MAIL_ADDRESS,CONTRACT_ID) VALUES (401,'2018/09/19 12:09:10','COTOS','2018/09/19 12:09:10','COTOS',1,'00465984','[テストパターン4]代理承認者１',1,'dummy_org_name_401','dummy_sales_company_name_401','dummy_org_phone_number_401','dummy_employee_name_401','dummy_sales_department_name_401','dummy_post_number_401','dummy_address_401','dummy_phone_number_401','dummy_fax_number_401','dummy_mail_address_401',4);
INSERT INTO CONTRACT_PIC_CE_EMP (ID,CREATED_AT,CREATED_USER_ID,UPDATED_AT,UPDATED_USER_ID,VERSION,MOM_EMPLOYEE_ID,MOM_ORG_ID,ORG_HIERARCHY_LEVEL,ORG_NAME,SALES_COMPANY_NAME,ORG_PHONE_NUMBER,EMPLOYEE_NAME,SALES_DEPARTMENT_NAME,POST_NUMBER,ADDRESS,PHONE_NUMBER,FAX_NUMBER,MAIL_ADDRESS,CONTRACT_ID) VALUES (501,'2018/09/19 12:09:10','COTOS','2018/09/19 12:09:10','COTOS',1,'00935791','[テストパターン4]代理承認者２',1,'dummy_org_name_402','dummy_sales_company_name_402','dummy_org_phone_number_402','dummy_employee_name_402','dummy_sales_department_name_402','dummy_post_number_402','dummy_address_402','dummy_phone_number_402','dummy_fax_number_402','dummy_mail_address_402',5);