INSERT INTO order_basic_info (id,created_at,created_user_id,updated_at,updated_user_id,version,orderer_number,orderer_type,product_type,rj_manage_number,maker_manage_number,commercial_flow_div,orderer_date_time,cancel_scheduled_date,initial_total_amount,monthly_total_amount,yearly_total_amount) VALUES (4,'2018/09/19 12:09:10','COTOS','2018/09/19 12:09:10','COTOS',1,'401','orderer_type401','product_type401','rj_manage_number401','maker_manage_number401','commercial_flow_div401','2018/09/19 12:09:10','2019/06/06',100,200,300);
INSERT INTO order_basic_info (id,created_at,created_user_id,updated_at,updated_user_id,version,orderer_number,orderer_type,product_type,rj_manage_number,maker_manage_number,commercial_flow_div,orderer_date_time,cancel_scheduled_date,initial_total_amount,monthly_total_amount,yearly_total_amount) VALUES (5,'2018/09/19 12:09:10','COTOS','2018/09/19 12:09:10','COTOS',1,'501','orderer_type501','product_type501','rj_manage_number501','maker_manage_number501','commercial_flow_div501','2018/09/19 12:09:10','2019/06/06',400,500,600);
INSERT INTO order_management_info (id,created_at,created_user_id,updated_at,updated_user_id,version,order_basic_info_id,contract_capture_status,contract_capture_at,unprocessed_reason,rj_manage_number,contract_id) VALUES (401,'2018/09/19 12:09:10','COTOS','2018/09/19 12:09:10','COTOS',1,4,'contract_capture_status4','2018/09/19 12:09:10','unprocessed_reason4','rj_manage_number4',4001);
INSERT INTO order_management_info (id,created_at,created_user_id,updated_at,updated_user_id,version,order_basic_info_id,contract_capture_status,contract_capture_at,unprocessed_reason,rj_manage_number,contract_id) VALUES (501,'2018/09/20','COTOS','2018/09/20','COTOS',1,5,'contract_capture_status5','2018/09/19 12:09:10','unprocessed_reason5','rj_manage_number5',5001);
INSERT INTO order_contractor_info (id,created_at,created_user_id,updated_at,updated_user_id,version,order_basic_info_id,companyId,kjbId,netricoh_account,customer_cd,contractor_company_name,contractor_name_kanji,contractor_name_kana,contractor_mail_address,contractor_post_number,contractor_office_name,contractor_address,contractor_phone_number,authority_for_netricoh,desired_service_start_date) VALUES (401,'2018/09/19 12:09:10','COTOS','2018/09/19 12:09:10','COTOS',1,4,'companyId4','kjbId4','netricoh_account4','customer_cd4','contractor_company_name4','contractor_name_kanji4','contractor_name_kana4','contractor_mail_address4','contractor_post_number4','contractor_office_name4','contractor_address4','contractor_phone_number4','authority_for_netricoh4','2019/06/06');
INSERT INTO order_contractor_info (id,created_at,created_user_id,updated_at,updated_user_id,version,order_basic_info_id,companyId,kjbId,netricoh_account,customer_cd,contractor_company_name,contractor_name_kanji,contractor_name_kana,contractor_mail_address,contractor_post_number,contractor_office_name,contractor_address,contractor_phone_number,authority_for_netricoh,desired_service_start_date) VALUES (501,'2018/09/19 12:09:10','COTOS','2018/09/19 12:09:10','COTOS',1,5,'companyId5','kjbId5','netricoh_account5','customer_cd5','contractor_company_name5','contractor_name_kanji5','contractor_name_kana5','contractor_mail_address5','contractor_post_number5','contractor_office_name5','contractor_address5','contractor_phone_number5','authority_for_netricoh5','2019/06/06');
INSERT INTO order_product_group_info (id,created_at,created_user_id,updated_at,updated_user_id,version,order_basic_info_id,product_group_cd,product_group_name) VALUES (401,'2018/09/19 12:09:10','COTOS','2018/09/19 12:09:10','COTOS',1,4,'product_group_cd4','product_group_name4');
INSERT INTO order_product_group_info (id,created_at,created_user_id,updated_at,updated_user_id,version,order_basic_info_id,product_group_cd,product_group_name) VALUES (501,'2018/09/20','COTOS','2018/09/20','COTOS',1,5,'product_group_cd5','product_group_name5');
INSERT INTO order_product_info (id,created_at,created_user_id,updated_at,updated_user_id,version,order_basic_info_id,product_cd,charge_rule,free_period,product_name,provide_method,quantity,before_quantity,difference_quantity,unit_price,amount_summary) VALUES (401,'2018/09/19 12:09:10','COTOS','2018/09/19 12:09:10','COTOS',1,4,'product_cd4','charge_rule4','free_period4','product_name4','provide_method4',2,1,1,100,200);
INSERT INTO order_product_info (id,created_at,created_user_id,updated_at,updated_user_id,version,order_basic_info_id,product_cd,charge_rule,free_period,product_name,provide_method,quantity,before_quantity,difference_quantity,unit_price,amount_summary) VALUES (501,'2018/09/19 12:09:10','COTOS','2018/09/19 12:09:10','COTOS',1,5,'product_cd5','charge_rule5','free_period5','product_name5','provide_method5',2,1,1,100,200);
INSERT INTO order_branch_customer_info (id,created_at,created_user_id,updated_at,updated_user_id,version,order_basic_info_id,branch_customer_cd,branch_customer_name,office_cd,office_name,employee_cd,employee_name,employee_phone_number,employee_mail_address) VALUES (401,'2018/09/19 12:09:10','COTOS','2018/09/19 12:09:10','COTOS',1,4,'branch_customer_cd401','branch_customer_name401','office_cd401','office_name401','employee_cd401','employee_name401','employee_phone_number401','employee_mail_address401');
INSERT INTO order_branch_customer_info (id,created_at,created_user_id,updated_at,updated_user_id,version,order_basic_info_id,branch_customer_cd,branch_customer_name,office_cd,office_name,employee_cd,employee_name,employee_phone_number,employee_mail_address) VALUES (501,'2018/09/19 12:09:10','COTOS','2018/09/19 12:09:10','COTOS',1,5,'branch_customer_cd501','branch_customer_name501','office_cd501','office_name501','employee_cd501','employee_name501','employee_phone_number501','employee_mail_address501');
INSERT INTO order_distributor_info (id,created_at,created_user_id,updated_at,updated_user_id,version,order_basic_info_id,distributor_cd,distributor_name,oe_delivery_cd,distributor_customer_type,distributor_employee_name,distributor_employee_mail_address,rings_customer_cd,distributor_post_number,distributor_address) VALUES (401,'2018/09/19 12:09:10','COTOS','2018/09/19 12:09:10','COTOS',1,4,'distributor_cd4','distributor_name4','oe_delivery_cd4','distributor_customer_type4','distributor_employee_name4','distributor_employee_mail_address4','rings_customer_cd4','distributor_post_number4','distributor_address4');
INSERT INTO order_distributor_info (id,created_at,created_user_id,updated_at,updated_user_id,version,order_basic_info_id,distributor_cd,distributor_name,oe_delivery_cd,distributor_customer_type,distributor_employee_name,distributor_employee_mail_address,rings_customer_cd,distributor_post_number,distributor_address) VALUES (501,'2018/09/20','COTOS','2018/09/20','COTOS',1,5,'distributor_cd5','distributor_name5','oe_delivery_cd5','distributor_customer_type5','distributor_employee_name5','distributor_employee_mail_address5','rings_customer_cd5','distributor_post_number5','distributor_address5');
INSERT INTO order_setup_info (id,created_at,created_user_id,updated_at,updated_user_id,version,order_basic_info_id,setup_company_name,setup_name_kanji,setup_name_kana,setup_mail_address,setup_post_number,setup_office_name,setup_address,setup_phone_number) VALUES (401,'2018/09/19 12:09:10','COTOS','2018/09/19 12:09:10','COTOS',1,4,'setup_company_name4','setup_name_kanji4','setup_name_kana4','setup_mail_address4','setup_post_number4','setup_office_name4','setup_address4','setup_phone_number4');
INSERT INTO order_setup_info (id,created_at,created_user_id,updated_at,updated_user_id,version,order_basic_info_id,setup_company_name,setup_name_kanji,setup_name_kana,setup_mail_address,setup_post_number,setup_office_name,setup_address,setup_phone_number) VALUES (501,'2018/09/19 12:09:10','COTOS','2018/09/19 12:09:10','COTOS',1,5,'setup_company_name5','setup_name_kanji5','setup_name_kana5','setup_mail_address5','setup_post_number5','setup_office_name5','setup_address5','setup_phone_number5');
INSERT INTO order_service_inner_info (id,created_at,created_user_id,updated_at,updated_user_id,version,order_basic_info_id,item1,item2,item3,item4,item5,item6,item7,item8,item9,item10,item11,item12,item13,item14,item15,item16,item17,item18,item19,item20,item21,item22,item23,item24,item25,item26,item27,item28,item29,item30) VALUES (401,'2018/09/19 12:09:10','COTOS','2018/09/19 12:09:10','COTOS',1,4,'item14','item24','item34','item44','item54','item64','item74','item84','item94','item104','item114','item124','item134','item144','item154','item164','item174','item184','item194','item204','item214','item224','item234','item244','item254','item264','item274','item284','item294','item304');
INSERT INTO order_service_inner_info (id,created_at,created_user_id,updated_at,updated_user_id,version,order_basic_info_id,item1,item2,item3,item4,item5,item6,item7,item8,item9,item10,item11,item12,item13,item14,item15,item16,item17,item18,item19,item20,item21,item22,item23,item24,item25,item26,item27,item28,item29,item30) VALUES (501,'2018/09/19 12:09:10','COTOS','2018/09/19 12:09:10','COTOS',1,5,'item15','item25','item35','item45','item55','item65','item75','item85','item95','item105','item115','item125','item135','item145','item155','item165','item175','item185','item195','item205','item215','item225','item235','item245','item255','item265','item275','item285','item295','item305');
INSERT INTO orderer_Info (id,created_at,created_user_id,updated_at,updated_user_id,version,order_basic_info_id,orderer_company_name,orderer_name_kanji,orderer_name_kana,orderer_mail_address,orderer_post_number,orderer_office_name,orderer_address,orderer_phone_number) VALUES (401,'2018/09/19 12:09:10','COTOS','2018/09/19 12:09:10','COTOS',1,4,'orderer_company_name4','orderer_name_kanjiorderer_company_name4','orderer_name_kanaorderer_name_kanjiorderer_company_name4','orderer_mail_addressorderer_name_kanaorderer_name_kanjiorderer_company_name4','orderer_post_numberorderer_mail_addressorderer_name_kanaorderer_name_kanjiorderer_company_name4','orderer_office_nameorderer_post_numberorderer_mail_addressorderer_name_kanaorderer_name_kanjiorderer_company_name4','orderer_addressorderer_office_nameorderer_post_numberorderer_mail_addressorderer_name_kanaorderer_name_kanjiorderer_company_name4','orderer_phone_numberorderer_addressorderer_office_nameorderer_post_numberorderer_mail_addressorderer_name_kanaorderer_name_kanjiorderer_company_name4');
INSERT INTO orderer_Info (id,created_at,created_user_id,updated_at,updated_user_id,version,order_basic_info_id,orderer_company_name,orderer_name_kanji,orderer_name_kana,orderer_mail_address,orderer_post_number,orderer_office_name,orderer_address,orderer_phone_number) VALUES (501,'2018/09/19 12:09:10','COTOS','2018/09/19 12:09:10','COTOS',1,5,'orderer_company_name5','orderer_name_kanjiorderer_company_name5','orderer_name_kanaorderer_name_kanjiorderer_company_name5','orderer_mail_addressorderer_name_kanaorderer_name_kanjiorderer_company_name5','orderer_post_numberorderer_mail_addressorderer_name_kanaorderer_name_kanjiorderer_company_name5','orderer_office_nameorderer_post_numberorderer_mail_addressorderer_name_kanaorderer_name_kanjiorderer_company_name5','orderer_addressorderer_office_nameorderer_post_numberorderer_mail_addressorderer_name_kanaorderer_name_kanjiorderer_company_name5','orderer_phone_numberorderer_addressorderer_office_nameorderer_post_numberorderer_mail_addressorderer_name_kanaorderer_name_kanjiorderer_company_name5');